Capitaline Code	Company Name	Date	Open Price	High Price	Low Price	Close Price	Total Volume (Adjusted)	Market Cap	Debt-Equity Ratio
23450	20 Microns	01/01/2020	36	36	35.55	35.85	1955	126.5	0.31
23450	20 Microns	02/01/2020	35.55	35.95	35.3	35.7	3032	125.97	0.31
23450	20 Microns	03/01/2020	35.85	35.85	35	35.15	2749	124.03	0.31
23450	20 Microns	06/01/2020	34	34.55	32.2	32.85	8867	115.92	0.31
23450	20 Microns	07/01/2020	33.15	34.7	32.95	33.25	62277	117.33	0.31
23450	20 Microns	08/01/2020	33.05	33.05	32.5	32.55	5288	114.86	0.31
23450	20 Microns	09/01/2020	33.8	34.35	33.25	33.45	3601	118.03	0.31
23450	20 Microns	10/01/2020	33.95	34.8	33.8	34.35	10896	121.21	0.31
23450	20 Microns	13/01/2020	33.4	36.95	33.4	36	14597	127.03	0.31
23450	20 Microns	14/01/2020	36.4	36.85	35.45	36.15	8656	127.56	0.31
23450	20 Microns	15/01/2020	36.15	36.7	36	36.1	1369	127.38	0.31
23450	20 Microns	16/01/2020	36.15	36.25	35.65	35.75	3195	126.15	0.31
23450	20 Microns	17/01/2020	35.6	35.6	34.9	35.15	564	124.03	0.31
23450	20 Microns	20/01/2020	35	35.65	34.2	34.35	9129	121.21	0.31
23450	20 Microns	21/01/2020	34.5	34.65	34.2	34.4	5291	121.39	0.31
23450	20 Microns	22/01/2020	34.85	34.85	33.35	33.55	14642	118.39	0.31
23450	20 Microns	23/01/2020	33.5	33.95	33.5	33.8	963	119.27	0.31
23450	20 Microns	24/01/2020	36.45	38	33.8	36.6	28153	129.15	0.31
23450	20 Microns	27/01/2020	36.7	36.85	36.25	36.35	5330	128.27	0.31
23450	20 Microns	28/01/2020	36.5	36.9	35.3	35.8	3122	126.33	0.31
23450	20 Microns	29/01/2020	36	36	35	35.05	1012	123.68	0.31
23450	20 Microns	30/01/2020	35.45	35.9	34.35	34.4	722	121.39	0.31
23450	20 Microns	31/01/2020	34.75	36	34.7	34.95	2956	123.33	0.31
23450	20 Microns	01/02/2020	34.55	34.6	33	33.85	597	119.44	0.31
23450	20 Microns	03/02/2020	33.7	34.7	33.7	34.1	300	120.33	0.31
23450	20 Microns	04/02/2020	34.9	35.1	34.65	34.75	6961	122.62	0.31
23450	20 Microns	05/02/2020	34.9	35.05	34.55	34.8	891	122.8	0.31
23450	20 Microns	06/02/2020	35.5	35.55	34.15	34.2	6582	120.68	0.31
23450	20 Microns	07/02/2020	34.7	34.7	33.9	33.95	5705	119.8	0.31
23450	20 Microns	10/02/2020	34.45	35.6	33.9	33.95	5113	119.8	0.31
23450	20 Microns	11/02/2020	34.5	35.1	33.55	34.1	2650	120.33	0.31
23450	20 Microns	12/02/2020	34.5	35.9	33.7	34.4	13547	121.39	0.31
23450	20 Microns	13/02/2020	35	35.75	34.5	35.2	18091	124.21	0.31
23450	20 Microns	14/02/2020	35.4	35.4	34.65	34.75	2114	122.62	0.31
23450	20 Microns	17/02/2020	34.4	34.75	33.6	33.65	2684	118.74	0.31
23450	20 Microns	18/02/2020	33.1	33.4	32.1	32.75	4671	115.56	0.31
23450	20 Microns	19/02/2020	33.4	33.4	32.65	32.8	5533	115.74	0.31
23450	20 Microns	20/02/2020	34	35.1	33.7	34.55	14072	121.91	0.31
23450	20 Microns	24/02/2020	34.55	34.55	33.8	33.85	2214	119.44	0.31
23450	20 Microns	25/02/2020	33.8	33.8	33.2	33.45	818	118.03	0.31
23450	20 Microns	26/02/2020	33.2	33.85	33.2	33.7	2087	118.92	0.31
23450	20 Microns	27/02/2020	33.15	33.5	32.65	32.85	1490	115.92	0.31
23450	20 Microns	28/02/2020	32.5	32.85	30.9	31.15	6587	109.92	0.31
23450	20 Microns	02/03/2020	32.1	32.2	31.05	31.4	2672	110.8	0.31
23450	20 Microns	03/03/2020	31.8	31.95	31	31.3	1138	110.45	0.31
23450	20 Microns	04/03/2020	30.65	31.05	30	30.2	5026	106.57	0.31
23450	20 Microns	05/03/2020	31	31.9	30.5	30.85	1364	108.86	0.31
23450	20 Microns	06/03/2020	29.5	29.95	28.95	29.75	7904	104.98	0.31
23450	20 Microns	09/03/2020	31	31	26.8	27.85	8702	98.27	0.31
23450	20 Microns	11/03/2020	28	28	26.25	26.7	12106	94.21	0.31
23450	20 Microns	12/03/2020	26.7	28.3	23	23.3	21332	82.22	0.31
23450	20 Microns	13/03/2020	22.9	24.8	21.5	24.4	3702	86.1	0.31
23450	20 Microns	16/03/2020	27.9	27.9	23	23.25	3761	82.04	0.31
23450	20 Microns	17/03/2020	23	26.9	23	24.5	35763	86.45	0.31
23450	20 Microns	18/03/2020	26	26.85	22	22.85	2869	80.63	0.31
23450	20 Microns	19/03/2020	23	23.35	21.5	22.4	7617	79.04	0.31
23450	20 Microns	20/03/2020	23.45	24.45	21.6	23.55	3920	83.1	0.31
23450	20 Microns	23/03/2020	21	22.15	19.2	20.35	7772	71.81	0.31
23450	20 Microns	24/03/2020	21.1	21.1	19.9	19.95	1589	70.4	0.31
23450	20 Microns	25/03/2020	20.6	22.05	19.55	19.6	16625	69.16	0.31
23450	20 Microns	26/03/2020	20.85	21.1	20.4	20.8	4610	73.4	0.31
23450	20 Microns	27/03/2020	22.45	24.6	21.7	23.8	8920	83.98	0.31
23450	20 Microns	30/03/2020	27.9	27.9	21.6	24.15	3563	85.22	0.31
23450	20 Microns	31/03/2020	26.05	26.05	24.9	25.7	676	90.69	0.31
23450	20 Microns	01/04/2020	25.9	25.9	24.95	25	330	88.22	0.31
23450	20 Microns	03/04/2020	25.55	25.55	23	24.6	2338	86.8	0.31
23450	20 Microns	07/04/2020	25.45	27.9	25	27.4	66024	96.69	0.31
23450	20 Microns	08/04/2020	27.3	29	25.8	26.2	4914	92.45	0.31
23450	20 Microns	09/04/2020	26.45	26.9	25.75	26.5	56577	93.51	0.31
23450	20 Microns	13/04/2020	26.75	26.75	25.1	26.3	12100	92.8	0.31
23450	20 Microns	15/04/2020	26.3	29.8	25.5	27.8	5617	98.1	0.31
23450	20 Microns	16/04/2020	30	30	25.25	26.8	6689	94.57	0.31
23450	20 Microns	17/04/2020	27.4	28.85	26.1	28.7	5919	101.27	0.31
23450	20 Microns	20/04/2020	33.9	33.9	30.85	33.05	50214	116.62	0.31
23450	20 Microns	21/04/2020	33	33	30	30.3	15753	106.92	0.31
23450	20 Microns	22/04/2020	32.05	33	26.5	29.55	4373	104.27	0.31
23450	20 Microns	23/04/2020	30	31	29.3	29.5	17767	104.1	0.31
23450	20 Microns	24/04/2020	30.9	30.9	27.1	27.9	4475	98.45	0.31
23450	20 Microns	27/04/2020	31.45	31.45	28	28.55	1209	100.74	0.31
23450	20 Microns	28/04/2020	29.7	30	27.25	29.2	4927	103.04	0.31
23450	20 Microns	29/04/2020	28.5	30.5	28.5	29.95	2350	105.68	0.31
23450	20 Microns	30/04/2020	30.25	30.8	28.35	29	4170	102.33	0.31
23450	20 Microns	04/05/2020	28.5	28.5	27.6	27.9	2380	98.45	0.31
23450	20 Microns	05/05/2020	28.15	28.35	27.05	27.15	1387	95.8	0.31
23450	20 Microns	06/05/2020	26.9	28	26.9	27	1781	95.27	0.31
23450	20 Microns	07/05/2020	27	32.4	27	27.4	7238	96.69	0.31
23450	20 Microns	08/05/2020	27.1	27.35	26.5	26.5	577	93.51	0.31
23450	20 Microns	11/05/2020	26.65	28	25.05	25.8	2389	91.04	0.31
23450	20 Microns	12/05/2020	27.15	27.15	25.85	26.35	659	92.98	0.31
23450	20 Microns	13/05/2020	28.9	28.9	25.9	26.1	10643	92.1	0.31
23450	20 Microns	14/05/2020	26.1	26.25	25.8	26.25	2584	92.63	0.31
23450	20 Microns	15/05/2020	26	26.3	25.9	26.05	440	91.92	0.31
23450	20 Microns	18/05/2020	25.9	26.35	25	25.1	3145	88.57	0.31
23450	20 Microns	19/05/2020	25.25	25.5	24.55	25.15	2128	88.75	0.31
23450	20 Microns	20/05/2020	24.1	25.3	24.1	24.75	4239	87.33	0.31
23450	20 Microns	21/05/2020	25.1	25.8	25.1	25.65	2368	90.51	0.31
23450	20 Microns	22/05/2020	27.95	27.95	25	25.65	3862	90.51	0.31
23450	20 Microns	26/05/2020	26.2	26.2	25.1	25.5	1766	89.98	0.31
23450	20 Microns	27/05/2020	25.4	25.85	25.4	25.55	973	90.16	0.31
23450	20 Microns	28/05/2020	26.1	26.3	25.9	26.15	1996	92.27	0.31
23450	20 Microns	29/05/2020	26.2	26.55	25.6	26	1361	91.74	0.31
23450	20 Microns	01/06/2020	27.5	27.5	26.45	27.1	1914	95.63	0.31
23450	20 Microns	02/06/2020	28	28	27.35	27.5	2570	97.04	0.31
23450	20 Microns	03/06/2020	28.5	29.35	27.75	29.1	7481	102.68	0.31
23450	20 Microns	04/06/2020	33	33	28	28.55	5260	100.74	0.31
23450	20 Microns	05/06/2020	31.95	31.95	28.9	29.15	2857	102.86	0.31
23450	20 Microns	08/06/2020	32.45	32.45	30.8	31.7	32980	111.86	0.31
23450	20 Microns	09/06/2020	31.6	31.6	29.25	29.45	7766	103.92	0.31
23450	20 Microns	10/06/2020	29.45	29.5	28.65	29.3	3498	103.39	0.31
23450	20 Microns	11/06/2020	29.1	29.3	27.8	27.85	1233	98.27	0.31
23450	20 Microns	12/06/2020	27.45	28.1	26.85	27.8	2617	98.1	0.31
23450	20 Microns	15/06/2020	30.45	30.5	27.7	30.15	13622	106.39	0.31
23450	20 Microns	16/06/2020	32.4	34.25	30.2	31.6	126611	111.51	0.31
23450	20 Microns	17/06/2020	30	32.7	28.75	30.3	29148	106.92	0.31
23450	20 Microns	18/06/2020	29	31.65	29	30.4	47875	107.27	0.31
23450	20 Microns	19/06/2020	31.05	32	30.8	31.3	3600	110.45	0.31
23450	20 Microns	22/06/2020	32.3	33.5	30.65	32.7	55471	115.39	0.31
23450	20 Microns	23/06/2020	39.15	39.15	33.05	34.05	33650	120.15	0.31
23450	20 Microns	24/06/2020	34.6	34.75	32	32.35	37589	114.15	0.31
23450	20 Microns	25/06/2020	30.1	32.05	30.1	31.4	13105	110.8	0.31
23450	20 Microns	26/06/2020	32.4	37	31	35.4	30692	124.91	0.31
23450	20 Microns	29/06/2020	35	35	32.35	34.05	40648	120.13	0.31
23450	20 Microns	30/06/2020	35.05	35.1	32.15	32.3	10046	113.95	0.31
23450	20 Microns	01/07/2020	33	33.15	32.45	32.7	5370	115.37	0.31
23450	20 Microns	02/07/2020	33.8	33.8	32.3	32.35	9966	114.15	0.31
23450	20 Microns	03/07/2020	34.7	34.7	32.15	32.2	7077	113.62	0.31
23450	20 Microns	06/07/2020	32.5	34.1	32.3	33.35	8800	117.68	0.31
23450	20 Microns	07/07/2020	33	33.15	32	32.2	22011	113.62	0.31
23450	20 Microns	08/07/2020	32.5	32.7	32.15	32.3	3968	113.98	0.31
23450	20 Microns	09/07/2020	32	32.8	32	32.15	11874	113.45	0.31
23450	20 Microns	10/07/2020	31.6	33.5	31.45	32.2	10774	113.62	0.31
23450	20 Microns	13/07/2020	32.75	33.75	31.95	33.2	10034	117.15	0.31
23450	20 Microns	14/07/2020	34	34	31.7	31.9	9288	112.56	0.31
23450	20 Microns	15/07/2020	31.9	32.45	31.15	31.7	20990	111.86	0.31
23450	20 Microns	16/07/2020	30	32	30	31	2822	109.39	0.31
23450	20 Microns	17/07/2020	31.85	31.85	31.2	31.2	3214	110.09	0.31
23450	20 Microns	20/07/2020	33	33	31.4	31.7	1894	111.86	0.31
23450	20 Microns	21/07/2020	32.4	32.4	31.05	31.15	4828	109.92	0.31
23450	20 Microns	22/07/2020	31.05	31.3	30.5	30.6	5155	107.98	0.31
23450	20 Microns	23/07/2020	30.65	30.9	29.85	30.3	5867	106.92	0.31
23450	20 Microns	24/07/2020	31	31.95	29.65	31.25	8392	110.27	0.31
23450	20 Microns	27/07/2020	31	31	29.2	30.25	13402	106.74	0.31
23450	20 Microns	28/07/2020	29.5	31	29.5	30.5	2187	107.62	0.31
23450	20 Microns	29/07/2020	30.15	30.4	29.7	29.95	7605	105.68	0.31
23450	20 Microns	30/07/2020	32.15	32.15	28.9	29.15	15993	102.86	0.31
23450	20 Microns	31/07/2020	28.8	29.1	28.5	28.6	6694	100.92	0.31
23450	20 Microns	03/08/2020	28	29.7	28	29	16621	102.33	0.31
23450	20 Microns	04/08/2020	29.2	30.85	29.15	29.85	6806	105.33	0.31
23450	20 Microns	05/08/2020	31.95	33	30.5	30.75	23956	108.51	0.31
23450	20 Microns	06/08/2020	31.05	31.95	31	31.05	6179	109.56	0.31
23450	20 Microns	07/08/2020	31.1	31.5	30.4	31.05	8147	109.56	0.31
23450	20 Microns	10/08/2020	29.5	32	29.5	30.7	30744	108.33	0.31
23450	20 Microns	11/08/2020	30.75	33	30.5	32.5	15232	114.68	0.31
23450	20 Microns	12/08/2020	34.8	36.55	33.7	34	90139	119.97	0.31
23450	20 Microns	13/08/2020	33	34.3	32.45	32.75	64122	115.56	0.31
23450	20 Microns	14/08/2020	32.75	32.75	30.7	31	15861	109.39	0.31
23450	20 Microns	17/08/2020	31.7	32	30.85	31.25	10466	110.27	0.31
23450	20 Microns	18/08/2020	32.75	32.75	31	31.35	9851	110.62	0.31
23450	20 Microns	19/08/2020	32	32.3	31.5	31.55	4433	111.33	0.31
23450	20 Microns	20/08/2020	31.9	31.95	31.15	31.75	3900	112.03	0.31
23450	20 Microns	21/08/2020	31.9	32.25	31.6	31.6	1138	111.51	0.31
23450	20 Microns	24/08/2020	31.9	32.5	31.4	31.5	7876	111.15	0.31
23450	20 Microns	25/08/2020	32.9	32.9	31	31.1	11318	109.74	0.31
23450	20 Microns	26/08/2020	31.15	33.4	30.95	32.9	18614	116.09	0.31
23450	20 Microns	27/08/2020	34.45	34.45	32.5	33.25	7847	117.33	0.31
23450	20 Microns	28/08/2020	33.85	34	32.25	32.45	15406	114.5	0.31
23450	20 Microns	31/08/2020	32.15	32.85	30.45	30.95	8456	109.21	0.31
23450	20 Microns	01/09/2020	30.45	30.85	29.65	30.35	1605	107.09	0.31
23450	20 Microns	02/09/2020	32.5	32.5	29.6	30.55	4829	107.8	0.31
23450	20 Microns	03/09/2020	30.55	31.25	29.9	31.1	12106	109.74	0.31
23450	20 Microns	04/09/2020	28.5	30.45	28.5	30.05	5697	106.04	0.31
23450	20 Microns	07/09/2020	30.2	30.2	29.5	29.65	3058	104.62	0.31
23450	20 Microns	08/09/2020	29.6	30.5	29.45	29.6	5580	104.45	0.31
23450	20 Microns	09/09/2020	29.7	29.75	27.55	29.05	9929	102.51	0.31
23450	20 Microns	10/09/2020	29.4	29.9	29.05	29.25	3505	103.21	0.31
23450	20 Microns	11/09/2020	29.75	29.75	29	29	734	102.33	0.31
23450	20 Microns	14/09/2020	29.65	29.9	29.45	29.5	716	104.1	0.31
23450	20 Microns	15/09/2020	30	30	29	29.45	11541	103.92	0.31
23450	20 Microns	16/09/2020	29.95	29.95	29.35	29.5	3615	104.1	0.31
23450	20 Microns	17/09/2020	29.5	29.8	29.3	29.3	4021	103.39	0.31
23450	20 Microns	18/09/2020	29.15	29.3	29.15	29.15	397	102.86	0.31
23450	20 Microns	21/09/2020	28.85	29.1	28.2	28.25	5288	99.68	0.31
23450	20 Microns	22/09/2020	28.25	28.25	25.3	27.3	9653	96.33	0.31
23450	20 Microns	23/09/2020	31.85	31.85	26	26.7	4714	94.21	0.31
23450	20 Microns	24/09/2020	26	26.6	25.95	26.35	6642	92.98	0.31
23450	20 Microns	25/09/2020	29.8	29.8	26.85	28.1	5602	99.16	0.31
23450	20 Microns	28/09/2020	29	30.15	29	29.1	9317	102.68	0.31
23450	20 Microns	29/09/2020	29.5	29.5	28.55	28.65	1565	101.1	0.31
23450	20 Microns	30/09/2020	28.7	28.7	28	28.1	3023	99.16	0.31
23450	20 Microns	01/10/2020	25.6	28.8	25.6	28.65	1186	101.1	0.31
23450	20 Microns	05/10/2020	28.6	28.6	28.05	28.15	2912	99.33	0.31
23450	20 Microns	06/10/2020	28.2	28.9	27.95	28.05	3042	98.98	0.31
23450	20 Microns	07/10/2020	28.45	28.45	28	28.35	2351	100.04	0.31
23450	20 Microns	08/10/2020	28.35	28.35	27.5	28	4092	98.8	0.31
23450	20 Microns	09/10/2020	28	28.6	27.4	27.55	5197	97.21	0.31
23450	20 Microns	12/10/2020	27.6	27.65	27.1	27.1	1655	95.63	0.31
23450	20 Microns	13/10/2020	27.3	27.45	27	27.1	1305	95.63	0.31
23450	20 Microns	14/10/2020	27	27.35	27	27.25	1706	96.16	0.31
23450	20 Microns	15/10/2020	28	28	27.5	27.5	1366	97.04	0.31
23450	20 Microns	16/10/2020	28.05	29.55	28.05	28.15	16550	99.33	0.31
23450	20 Microns	19/10/2020	30.2	30.2	27.5	27.65	10463	97.57	0.31
23450	20 Microns	20/10/2020	27.25	27.8	27.25	27.75	155	97.92	0.31
23450	20 Microns	21/10/2020	28.2	28.2	27.5	28.1	1756	99.16	0.31
23450	20 Microns	22/10/2020	27.65	28.1	24.5	27.95	5200	98.63	0.31
23450	20 Microns	23/10/2020	28.05	28.25	27.5	28.2	3064	99.51	0.31
23450	20 Microns	26/10/2020	28.2	28.5	27.5	27.7	4222	97.74	0.31
23450	20 Microns	27/10/2020	27.4	28.3	26.6	27.6	3981	97.39	0.31
23450	20 Microns	28/10/2020	28.5	28.5	26.45	27.3	4625	96.33	0.31
23450	20 Microns	29/10/2020	27.9	27.9	25.8	27.15	10338	95.8	0.31
23450	20 Microns	30/10/2020	27.65	28.4	27.65	28.35	4906	100.04	0.31
23450	20 Microns	02/11/2020	28.75	28.75	27.4	28	6347	98.8	0.31
23450	20 Microns	03/11/2020	27.95	28.5	27.2	27.75	5037	97.92	0.31
23450	20 Microns	04/11/2020	26.7	28.5	26.7	28.05	7129	98.98	0.31
23450	20 Microns	05/11/2020	28.35	28.8	27.65	28.45	5271	100.39	0.31
23450	20 Microns	06/11/2020	29	30.35	28.5	29.9	17838	105.51	0.31
23450	20 Microns	09/11/2020	30.95	31.3	29.55	30.05	12931	106.04	0.31
23450	20 Microns	10/11/2020	30.7	30.8	29.1	30.1	21336	106.21	0.31
23450	20 Microns	11/11/2020	31	31.8	29.75	31.2	27352	110.09	0.31
23450	20 Microns	12/11/2020	31.3	32.45	30.55	30.7	5903	108.33	0.31
23450	20 Microns	13/11/2020	30.4	31.35	29.8	30.85	7835	108.86	0.31
23450	20 Microns	14/11/2020	28.4	31.4	28.4	31.1	18111	109.74	0.31
23450	20 Microns	17/11/2020	32.25	32.25	30.75	31.15	8046	109.92	0.31
23450	20 Microns	18/11/2020	31.2	32	30.85	31.8	9507	112.21	0.31
23450	20 Microns	19/11/2020	31.8	34.4	31.3	32.65	47426	115.21	0.31
23450	20 Microns	20/11/2020	31.3	34	31.3	32.3	12629	113.98	0.31
23450	20 Microns	23/11/2020	32.7	32.7	31.1	31.55	13565	111.33	0.31
23450	20 Microns	24/11/2020	31.95	32.35	31.2	31.9	6779	112.56	0.31
23450	20 Microns	25/11/2020	31.65	32.4	31	32.1	9786	113.27	0.31
23450	20 Microns	26/11/2020	32.65	32.65	31.8	32.1	4464	113.27	0.31
23450	20 Microns	27/11/2020	32.9	32.95	31.65	32	9518	112.92	0.31
23450	20 Microns	01/12/2020	32.5	33.2	32.05	32.8	3868	115.74	0.31
23450	20 Microns	02/12/2020	33.1	34.5	32.25	32.75	16765	115.56	0.31
23450	20 Microns	03/12/2020	32.5	33.9	32.5	32.85	20107	115.92	0.31
23450	20 Microns	04/12/2020	34	37.25	33.15	36.6	82314	129.15	0.31
23450	20 Microns	07/12/2020	36.55	36.9	34.8	35.1	31724	123.86	0.31
23450	20 Microns	08/12/2020	35.55	37.05	35.05	36.3	32886	128.09	0.31
23450	20 Microns	09/12/2020	36.3	36.75	35.4	35.95	24020	126.85	0.31
23450	20 Microns	10/12/2020	38	38	34.9	35.65	6268	125.8	0.31
23450	20 Microns	11/12/2020	36.2	36.4	35	35.85	15534	126.5	0.31
23450	20 Microns	14/12/2020	38.5	38.5	35.75	35.95	29260	126.85	0.31
23450	20 Microns	15/12/2020	36.3	36.5	35	35.1	8334	123.86	0.31
23450	20 Microns	16/12/2020	36.25	37	35.45	36.9	14998	130.21	0.31
23450	20 Microns	17/12/2020	37.35	37.6	35.95	36.35	15661	128.27	0.31
23450	20 Microns	18/12/2020	36.75	40	35.2	39.7	77641	140.09	0.31
23450	20 Microns	21/12/2020	39.7	42	35.85	36.55	128294	128.97	0.31
23450	20 Microns	22/12/2020	36.55	40.45	34.8	39.95	54349	140.97	0.31
23450	20 Microns	23/12/2020	40.8	42.85	39.7	40.2	87125	141.85	0.31
23450	20 Microns	24/12/2020	40	41	37	37.85	46689	133.56	0.31
23450	20 Microns	28/12/2020	37.8	40.75	37.8	40.1	89620	141.5	0.31
23450	20 Microns	29/12/2020	41.75	41.75	38.5	39.25	59006	138.5	0.31
23450	20 Microns	30/12/2020	39.35	40.25	39	39.5	31059	139.38	0.31
23450	20 Microns	31/12/2020	42.25	42.25	39.8	40.2	36606	141.85	0.31
23450	20 Microns	01/01/2021	41	41	39.75	40.15	13136	141.68	0.31
23450	20 Microns	04/01/2021	40.2	40.55	39.55	39.85	24967	140.62	0.31
23450	20 Microns	05/01/2021	39.95	41.8	39.5	40.85	47510	144.15	0.31
23450	20 Microns	06/01/2021	41	41.8	40.55	40.7	24678	143.62	0.31
23450	20 Microns	07/01/2021	41.6	41.65	40	40.65	12208	143.44	0.31
23450	20 Microns	08/01/2021	41.55	42	40.65	41.6	39596	146.79	0.31
23450	20 Microns	11/01/2021	42.2	42.2	39.65	39.95	14133	140.97	0.31
23450	20 Microns	12/01/2021	39	41.6	39	39.8	44198	140.44	0.31
23450	20 Microns	13/01/2021	40.9	40.9	38.7	38.95	19017	137.44	0.31
23450	20 Microns	14/01/2021	39.2	40.8	37.9	39.85	28194	140.62	0.31
23450	20 Microns	15/01/2021	39	40	38.5	38.55	13577	136.03	0.31
23450	20 Microns	18/01/2021	38.95	39.6	36.6	36.95	26095	130.38	0.31
23450	20 Microns	19/01/2021	37.8	38.4	36.8	37.65	23983	132.85	0.31
23450	20 Microns	20/01/2021	37.35	38.65	37.35	38.45	9135	135.68	0.31
23450	20 Microns	21/01/2021	39.3	39.3	37.4	37.55	20239	132.5	0.31
23450	20 Microns	22/01/2021	37.35	38.45	37.05	37.7	19374	133.03	0.31
23450	20 Microns	25/01/2021	37.85	37.85	36.15	36.85	19989	130.03	0.31
23450	20 Microns	27/01/2021	36.55	37.55	36.5	37.25	3990	131.44	0.31
23450	20 Microns	28/01/2021	36.7	37.2	36.65	37.2	892	131.27	0.31
23450	20 Microns	29/01/2021	37.8	38	36.5	36.65	11572	129.33	0.31
23450	20 Microns	01/02/2021	36.8	37.55	36.5	37.5	4234	132.32	0.31
23450	20 Microns	02/02/2021	38	38.35	37	37.5	16721	132.32	0.31
23450	20 Microns	03/02/2021	37.5	39.5	36.95	37.4	15339	131.97	0.31
23450	20 Microns	04/02/2021	37.75	38.4	37.4	37.75	7815	133.21	0.31
23450	20 Microns	05/02/2021	38.05	38.05	36.85	36.9	3842	130.21	0.31
23450	20 Microns	08/02/2021	37.05	37.45	36	36.8	16030	129.85	0.31
23450	20 Microns	09/02/2021	37.75	38.05	36.8	37.2	30065	131.27	0.31
23450	20 Microns	10/02/2021	37.85	37.85	36.55	37.35	15911	131.8	0.31
23450	20 Microns	11/02/2021	38.35	40	37.3	39	61658	137.62	0.31
23450	20 Microns	12/02/2021	39.05	39.85	37	37.6	32294	132.68	0.31
23450	20 Microns	15/02/2021	37	38.4	37	37.1	16235	130.91	0.31
23450	20 Microns	16/02/2021	37.3	37.45	36.55	36.85	7954	130.03	0.31
23450	20 Microns	17/02/2021	36.65	37.3	36.15	36.65	10959	129.33	0.31
23450	20 Microns	18/02/2021	37	37.15	36.55	36.65	4874	129.33	0.31
23450	20 Microns	19/02/2021	36	37.75	36	36.75	28593	129.68	0.31
23450	20 Microns	22/02/2021	36.9	43.7	35.9	38.5	47552	135.85	0.31
23450	20 Microns	23/02/2021	36.2	36.75	36.1	36.3	8870	128.09	0.31
23450	20 Microns	24/02/2021	36.45	37	36.1	36.45	8022	128.62	0.31
23450	20 Microns	25/02/2021	36.7	37.6	36.7	37.1	10850	130.91	0.31
23450	20 Microns	26/02/2021	36.45	37.2	36.35	36.55	8757	128.97	0.31
23450	20 Microns	01/03/2021	36.5	37.65	36.5	37.4	20480	131.97	0.31
23450	20 Microns	02/03/2021	37.6	37.6	36.85	37.05	16297	130.74	0.31
23450	20 Microns	03/03/2021	37.4	39.1	36.9	38.15	28052	134.62	0.31
23450	20 Microns	04/03/2021	38	38.8	37.65	38.2	14885	134.79	0.31
23450	20 Microns	05/03/2021	38.45	39.2	37.5	38	8485	134.09	0.31
23450	20 Microns	08/03/2021	38.15	38.5	37	37.45	22972	132.15	0.31
23450	20 Microns	09/03/2021	37.9	38	36.65	37.25	14307	131.44	0.31
23450	20 Microns	10/03/2021	38.25	39.4	38	38.5	38367	135.85	0.31
23450	20 Microns	12/03/2021	38.95	38.95	37.75	37.75	6828	133.21	0.31
23450	20 Microns	15/03/2021	38.05	38.15	37	37.55	8445	132.5	0.31
23450	20 Microns	16/03/2021	37.95	38.65	37.7	38.45	7947	135.68	0.31
23450	20 Microns	17/03/2021	38.9	39.1	37.5	38.05	20656	134.27	0.31
23450	20 Microns	18/03/2021	36.5	38	36.4	36.7	15282	129.5	0.31
23450	20 Microns	19/03/2021	36	36.3	33.4	35.7	23384	125.97	0.31
23450	20 Microns	22/03/2021	35.6	36.8	35.6	36.1	13848	127.38	0.31
23450	20 Microns	23/03/2021	36.45	36.5	36	36.15	4233	127.56	0.31
23450	20 Microns	24/03/2021	36.5	36.5	34.85	35.25	2479	124.38	0.31
23450	20 Microns	25/03/2021	33.15	35.2	33.15	33.9	15726	119.62	0.31
23450	20 Microns	26/03/2021	34.9	35	34.5	34.5	5032	121.74	0.31
23450	20 Microns	30/03/2021	35.2	35.7	34.6	35.05	6075	123.68	0.31
23450	20 Microns	31/03/2021	33.1	35.75	33.1	35.2	12355	124.21	0.31
23450	20 Microns	01/04/2021	35.9	35.9	34.7	35.5	8642	125.27	0.31
23450	20 Microns	05/04/2021	36.85	36.85	34.1	35.3	8276	124.56	0.31
23450	20 Microns	06/04/2021	36.5	37.35	34.75	35.5	17657	125.27	0.31
23450	20 Microns	07/04/2021	35.4	37.45	35.4	36.9	18890	130.21	0.31
23450	20 Microns	08/04/2021	37.4	38.9	37.3	37.6	19084	132.68	0.31
23450	20 Microns	09/04/2021	38	38.15	35.5	37.25	6778	131.44	0.31
23450	20 Microns	12/04/2021	36.5	36.5	33.7	35.3	2256	124.56	0.31
23450	20 Microns	13/04/2021	35.6	36.75	35	36.25	6869	127.91	0.31
23450	20 Microns	15/04/2021	37	37	36	36.05	3363	127.21	0.31
23450	20 Microns	16/04/2021	36.15	36.4	36	36.05	1076	127.21	0.31
23450	20 Microns	19/04/2021	36	36	34	34.85	1717	122.97	0.31
23450	20 Microns	20/04/2021	34.15	36.2	34.15	35.25	2883	124.38	0.31
23450	20 Microns	22/04/2021	36.1	36.4	35.6	36.1	1465	127.38	0.31
23450	20 Microns	23/04/2021	36.1	36.55	29.25	36.25	33430	127.91	0.31
23450	20 Microns	26/04/2021	36.3	36.8	36	36.3	2017	128.09	0.31
23450	20 Microns	27/04/2021	36.45	37.4	36.1	37.1	9738	130.91	0.31
23450	20 Microns	28/04/2021	37.1	37.95	36.5	37.55	8937	132.5	0.31
23450	20 Microns	29/04/2021	38.3	41.5	37	39.35	10983	138.85	0.31
23450	20 Microns	30/04/2021	39.05	40.2	37.75	38.35	30608	135.32	0.31
23450	20 Microns	03/05/2021	38.25	40.2	37.85	39.05	26429	137.79	0.31
23450	20 Microns	04/05/2021	41.45	41.45	37.45	37.95	23583	133.91	0.31
23450	20 Microns	05/05/2021	38.5	40	37.8	38.5	7513	135.85	0.31
23450	20 Microns	06/05/2021	38.5	40.15	37.25	39.5	34242	139.38	0.31
23450	20 Microns	07/05/2021	40.3	40.3	38.5	39.6	9856	139.73	0.31
23450	20 Microns	10/05/2021	40.5	47.5	39.7	46.85	143276	165.32	0.31
23450	20 Microns	11/05/2021	46.85	50	45.8	46.8	121216	165.14	0.31
23450	20 Microns	12/05/2021	47.5	48.5	43	47.1	96030	166.2	0.31
23450	20 Microns	14/05/2021	47.1	48.05	45.1	47	66003	165.85	0.31
23450	20 Microns	17/05/2021	48	51.3	47	48.95	56342	172.73	0.31
23450	20 Microns	18/05/2021	49.95	58.7	47.85	57.15	474561	201.66	0.31
23450	20 Microns	19/05/2021	55.55	56.85	53.1	54.6	116594	192.66	0.31
23450	20 Microns	20/05/2021	55.9	65.5	55.8	65.3	253252	230.42	0.31
23450	20 Microns	21/05/2021	66.05	68.2	61.65	62.75	234022	221.42	0.31
23450	20 Microns	24/05/2021	64.05	69	63	69	155752	243.48	0.31
23450	20 Microns	25/05/2021	71.75	74.8	68.4	69.95	179063	246.83	0.31
23450	20 Microns	26/05/2021	72.75	72.9	67.55	68.25	94579	240.83	0.31
23450	20 Microns	27/05/2021	70.9	70.9	66.05	67.9	66235	239.6	0.31
23450	20 Microns	28/05/2021	69.55	69.55	62.5	63.65	60769	224.6	0.31
23450	20 Microns	31/05/2021	65.25	66.4	63	64.2	24050	226.54	0.31
23450	20 Microns	01/06/2021	64	65	58.75	59.35	77333	209.43	0.31
23450	20 Microns	02/06/2021	59.35	61.75	59.35	60.8	71455	214.54	0.31
23450	20 Microns	03/06/2021	62	64.4	61.5	62.65	64552	221.07	0.31
23450	20 Microns	04/06/2021	63.8	64	61.3	61.75	32870	217.89	0.31
23450	20 Microns	07/06/2021	64	64	62.3	63.4	46666	223.72	0.31
23450	20 Microns	08/06/2021	63.4	69.45	63.4	65.85	145236	232.36	0.31
23450	20 Microns	09/06/2021	67.85	69.85	60.75	62.65	103192	221.07	0.31
23450	20 Microns	10/06/2021	63.9	66.35	63.9	65.1	69677	229.72	0.31
23450	20 Microns	11/06/2021	66.9	69.6	65.2	68.05	116423	240.12	0.31
23450	20 Microns	14/06/2021	68.5	68.9	63.65	66.8	33526	235.71	0.31
23450	20 Microns	15/06/2021	65.65	69.8	65.65	67.15	48952	236.95	0.31
23450	20 Microns	16/06/2021	68	68.15	65.1	66.45	28789	234.48	0.31
23450	20 Microns	17/06/2021	62.1	66.75	62.1	64.35	32957	227.07	0.31
23450	20 Microns	18/06/2021	66.7	66.7	60.05	62	38660	218.78	0.31
23450	20 Microns	21/06/2021	58.45	64	58.45	63.3	29054	223.36	0.31
23450	20 Microns	22/06/2021	62.6	65.1	62.6	62.8	22240	221.6	0.31
23450	20 Microns	23/06/2021	63.85	63.95	61.8	62.1	15375	219.13	0.31
23450	20 Microns	24/06/2021	61.95	64.25	61.95	63.5	31740	224.07	0.31
23450	20 Microns	25/06/2021	64.15	64.15	62.45	62.65	14232	221.07	0.31
23450	20 Microns	28/06/2021	63.2	65.5	63.05	63.6	39187	224.42	0.31
23450	20 Microns	29/06/2021	66	66	59.55	60.4	42678	213.13	0.31
23450	20 Microns	30/06/2021	60.05	61.95	59.7	60.3	15921	212.78	0.31
23450	20 Microns	01/07/2021	61.55	61.55	59.1	59.45	17947	209.78	0.31
23450	20 Microns	02/07/2021	58.45	60.25	58.45	58.85	19051	207.66	0.31
23450	20 Microns	05/07/2021	60.25	60.65	58.7	59.85	21983	211.19	0.31
23450	20 Microns	06/07/2021	62.95	63.75	60.05	61.25	47772	216.13	0.31
23450	20 Microns	07/07/2021	64	64	61.3	61.75	8537	217.89	0.31
23450	20 Microns	08/07/2021	60	63.85	60	61.95	17511	218.6	0.31
23450	20 Microns	09/07/2021	62.4	62.6	60.2	61	13254	215.25	0.31
23450	20 Microns	12/07/2021	62.25	65.4	62.25	64.4	20449	227.25	0.31
23450	20 Microns	13/07/2021	65.6	66.75	65.05	65.9	75391	232.54	0.31
23450	20 Microns	14/07/2021	65.9	66.45	63	64.55	34879	227.77	0.31
23450	20 Microns	15/07/2021	63	66.3	63	64.75	46212	228.48	0.31
23450	20 Microns	16/07/2021	66.2	69.35	63.8	65.05	108360	229.54	0.31
23450	20 Microns	19/07/2021	68	69.4	66.3	67.7	167294	238.89	0.31
23450	20 Microns	20/07/2021	68.45	69.1	64.9	66.2	47589	233.6	0.31
23450	20 Microns	22/07/2021	66	67.7	66	66.9	20236	236.07	0.31
23450	20 Microns	23/07/2021	68.85	68.85	64.5	65.1	30066	229.72	0.31
23450	20 Microns	26/07/2021	65.1	65.9	63.5	63.7	14107	224.78	0.31
23450	20 Microns	27/07/2021	64.3	64.5	62.45	63	12654	222.3	0.31
23450	20 Microns	28/07/2021	63.05	63.35	60.5	62.85	7037	221.78	0.31
23450	20 Microns	29/07/2021	64.15	64.5	62.95	64.15	3116	226.36	0.31
23450	20 Microns	30/07/2021	63.95	68.5	63.1	67.25	56123	237.3	0.31
23450	20 Microns	02/08/2021	67.5	68.25	66.2	66.55	20790	234.83	0.31
23450	20 Microns	03/08/2021	66.55	70.05	65.75	67.6	25111	238.54	0.31
23450	20 Microns	04/08/2021	68.85	68.95	65.1	65.8	17324	232.19	0.31
23450	20 Microns	05/08/2021	67.15	67.15	63.3	63.9	7308	225.48	0.31
23450	20 Microns	06/08/2021	64.7	66.5	64.1	66.15	9156	233.42	0.31
23450	20 Microns	09/08/2021	67	67.25	63.5	63.65	77268	224.6	0.31
23450	20 Microns	10/08/2021	64.25	64.25	59.4	60.35	16140	212.95	0.31
23450	20 Microns	11/08/2021	61.55	62.2	55.35	59.15	46607	208.72	0.31
23450	20 Microns	12/08/2021	59.7	61.3	58.5	61.1	16831	215.6	0.31
23450	20 Microns	13/08/2021	62.15	62.15	59.65	59.75	3380	210.84	0.31
23450	20 Microns	16/08/2021	65	65	58.5	58.55	2672	206.6	0.31
23450	20 Microns	17/08/2021	58.4	58.8	55.95	56.5	9079	199.37	0.31
23450	20 Microns	18/08/2021	57.55	57.9	53.25	54.4	7842	191.96	0.31
23450	20 Microns	20/08/2021	54	54.05	51.7	52.7	14638	185.96	0.31
23450	20 Microns	23/08/2021	53.8	54.1	48.6	49.75	9104	175.55	0.31
23450	20 Microns	24/08/2021	49.95	54.1	49.9	52.85	9999	186.49	0.31
23450	20 Microns	25/08/2021	57	57	52.65	54.1	7806	190.9	0.31
23450	20 Microns	26/08/2021	52.75	54.55	51.65	52.55	12779	185.43	0.31
23450	20 Microns	27/08/2021	52.8	54	52.45	53.3	1571	188.08	0.31
23450	20 Microns	30/08/2021	54.35	54.9	52.7	53.55	3608	188.96	0.31
23450	20 Microns	31/08/2021	54.3	54.8	53.65	53.95	13130	190.37	0.31
23450	20 Microns	01/09/2021	54.9	54.9	53	54.3	11295	191.61	0.31
23450	20 Microns	02/09/2021	54.25	54.95	53.4	54.2	8253	191.25	0.31
23450	20 Microns	03/09/2021	55.6	55.6	52.4	53.35	13073	188.25	0.31
23450	20 Microns	06/09/2021	53.6	54.6	53.35	53.8	1820	189.84	0.31
23450	20 Microns	07/09/2021	53.55	53.55	52.1	53.3	5010	188.08	0.31
23450	20 Microns	08/09/2021	53.2	57.45	52.85	54.6	9452	192.66	0.31
23450	20 Microns	09/09/2021	55.6	55.7	54	54.6	2962	192.66	0.31
23450	20 Microns	13/09/2021	54	54.35	53.05	53.9	6994	190.19	0.31
23450	20 Microns	14/09/2021	54.85	54.9	53.5	53.9	10699	190.19	0.31
23450	20 Microns	15/09/2021	55	64.65	54.85	64.65	180408	228.13	0.31
23450	20 Microns	16/09/2021	68.4	68.4	59.05	60.25	91079	212.6	0.31
23450	20 Microns	17/09/2021	61.55	62.85	56	57.55	30399	203.07	0.31
23450	20 Microns	20/09/2021	56.55	59.65	55	56.4	16587	199.02	0.31
23450	20 Microns	21/09/2021	57	57.5	55.5	56.7	4612	200.07	0.31
23450	20 Microns	22/09/2021	57.55	58.65	57.15	57.95	9009	204.49	0.31
23450	20 Microns	23/09/2021	61.5	62.5	57	60.15	40429	212.25	0.31
23450	20 Microns	24/09/2021	61.15	61.15	58.8	60.05	9801	211.9	0.31
23450	20 Microns	27/09/2021	59.9	60.75	58.9	59.55	7760	210.13	0.31
23450	20 Microns	28/09/2021	60.45	61.75	56.85	58	11428	204.66	0.31
23450	20 Microns	29/09/2021	58.2	59.25	57.5	58.2	11606	205.37	0.31
23450	20 Microns	30/09/2021	61	65.05	60.9	61.35	165334	216.48	0.31
23450	20 Microns	01/10/2021	60	62.5	60	60.9	13807	214.89	0.31
23450	20 Microns	04/10/2021	61.4	62.1	60	60.9	6334	214.89	0.31
23450	20 Microns	05/10/2021	60.7	61.45	60.1	60.2	12622	212.42	0.31
23450	20 Microns	06/10/2021	60.95	64.25	60.7	61.25	23454	216.13	0.31
23450	20 Microns	07/10/2021	62.65	63.4	61.65	61.75	9000	217.89	0.31
23450	20 Microns	08/10/2021	61.75	63.85	60.75	61.7	8072	217.72	0.31
23450	20 Microns	11/10/2021	62	62.45	60.5	60.55	14445	213.66	0.31
23450	20 Microns	12/10/2021	60.75	63.7	60.25	62.8	24489	221.6	0.31
23450	20 Microns	13/10/2021	65.35	65.7	62.95	63.25	43708	223.19	0.31
23450	20 Microns	14/10/2021	62.45	65	62.15	62.7	12118	221.25	0.31
23450	20 Microns	18/10/2021	63.1	64.5	61.6	62.8	22643	221.6	0.31
23450	20 Microns	19/10/2021	63.8	64.45	60.6	61.05	41874	215.42	0.31
23450	20 Microns	20/10/2021	61.25	63.25	60.05	62.7	7363	221.25	0.31
23450	20 Microns	21/10/2021	64.75	64.8	58.4	59.35	32635	209.43	0.31
23450	20 Microns	22/10/2021	60.5	61.8	56.65	58.35	19074	205.9	0.31
23450	20 Microns	25/10/2021	61.8	61.8	55.5	56.95	9350	200.96	0.31
23450	20 Microns	26/10/2021	56	58.8	56	57.95	9339	204.49	0.31
23450	20 Microns	27/10/2021	61	61	57.3	60.25	12065	212.6	0.31
23450	20 Microns	28/10/2021	58.55	60.3	58.5	59.3	13292	209.25	0.31
23450	20 Microns	29/10/2021	59.05	59.5	58	58.5	2200	206.43	0.31
23450	20 Microns	01/11/2021	58.8	59.35	57.5	58.2	4097	205.37	0.31
23450	20 Microns	02/11/2021	58.7	59	58.15	58.5	4552	206.43	0.31
23450	20 Microns	03/11/2021	59.4	60	56	58.4	5185	206.07	0.31
23450	20 Microns	04/11/2021	59.7	60.45	58.35	59.55	10454	210.13	0.31
23450	20 Microns	08/11/2021	60.85	60.85	59.1	60.15	3085	212.25	0.31
23450	20 Microns	09/11/2021	59.55	63	59.05	61.6	73398	217.36	0.31
23450	20 Microns	10/11/2021	61.35	63.5	60.8	62.85	13106	221.78	0.31
23450	20 Microns	11/11/2021	61.65	68.5	61.65	66	171576	232.89	0.31
23450	20 Microns	12/11/2021	67	68	64.2	64.45	21103	227.42	0.31
23450	20 Microns	15/11/2021	64.3	65	60.3	61.45	23552	216.84	0.31
23450	20 Microns	16/11/2021	61.4	63.8	61.4	61.95	13437	218.6	0.31
23450	20 Microns	17/11/2021	61.95	62.8	60.1	60.85	7343	214.72	0.31
23450	20 Microns	18/11/2021	61	62.7	59.35	60.35	7412	212.95	0.31
23450	20 Microns	22/11/2021	61.75	61.8	57	58.05	32200	204.84	0.31
23450	20 Microns	23/11/2021	56.2	61.25	56.2	60.05	22751	211.9	0.31
23450	20 Microns	24/11/2021	61	62	59.35	59.95	14483	211.54	0.31
23450	20 Microns	25/11/2021	60.9	62	60.4	61.05	14903	215.42	0.31
23450	20 Microns	26/11/2021	60.8	60.9	58.3	58.95	7297	208.01	0.31
23450	20 Microns	29/11/2021	60	60	55.9	57.75	10069	203.78	0.31
23450	20 Microns	30/11/2021	56	60	56	58.15	11153	205.19	0.31
23450	20 Microns	01/12/2021	59.5	59.5	57.25	58.6	7847	206.78	0.31
23450	20 Microns	02/12/2021	56	59	56	58.35	6691	205.9	0.31
23450	20 Microns	03/12/2021	58.05	59.4	58	58.9	1268	207.84	0.31
23450	20 Microns	06/12/2021	59.95	60	58.1	58.55	13870	206.6	0.31
23450	20 Microns	07/12/2021	58	64	58	62.3	22978	219.83	0.31
23450	20 Microns	08/12/2021	62	63	61.1	61.4	8239	216.66	0.31
23450	20 Microns	09/12/2021	62.3	62.85	61.35	61.9	4701	218.42	0.31
23450	20 Microns	10/12/2021	61.15	66	61.15	63.25	40936	223.19	0.31
23450	20 Microns	13/12/2021	63.25	65	62.85	63.05	7225	222.48	0.31
23450	20 Microns	14/12/2021	65	65	61.4	62.1	2972	219.13	0.31
23450	20 Microns	15/12/2021	62.7	74.5	61.85	62.4	425352	220.19	0.31
23450	20 Microns	16/12/2021	63.8	64.2	60.4	61.5	78719	217.01	0.31
23450	20 Microns	17/12/2021	60.55	61.8	58	58.95	84808	208.01	0.31
23450	20 Microns	20/12/2021	58	58.2	54.5	55.9	28350	197.25	0.31
23450	20 Microns	21/12/2021	54.5	58.9	54.5	56.95	68563	200.96	0.31
23450	20 Microns	22/12/2021	58.05	59.05	57	58	19614	204.66	0.31
23450	20 Microns	23/12/2021	57.15	58.55	57.15	57.9	16823	204.31	0.31
23450	20 Microns	24/12/2021	58	58.45	55.5	55.85	21578	197.08	0.31
23450	20 Microns	27/12/2021	56.05	61.15	54.8	57.15	56532	201.66	0.31
23450	20 Microns	28/12/2021	58.3	60	57.7	59.75	94288	210.84	0.31
23450	20 Microns	29/12/2021	59	60.9	58.05	59.7	55071	210.66	0.31
23450	20 Microns	30/12/2021	58.5	63.6	58.5	62.5	235814	220.54	0.31
23450	20 Microns	31/12/2021	64	66.6	63	63.4	163482	223.72	0.31
23450	20 Microns	03/01/2022	66	66	60.1	62.15	76083	219.31	0.31
23450	20 Microns	04/01/2022	62.5	63	60.55	60.75	42322	214.37	0.31
23450	20 Microns	05/01/2022	58.3	61.95	58.3	60.4	37265	213.13	0.31
23450	20 Microns	06/01/2022	61.25	64.2	59.9	62.1	93539	219.13	0.31
23450	20 Microns	07/01/2022	62.1	74.5	62	74.5	500384	262.88	0.31
23450	20 Microns	10/01/2022	78.3	89.4	77	89.4	573647	315.46	0.31
23450	20 Microns	11/01/2022	94.4	94.4	81.2	81.85	450579	288.82	0.31
23450	20 Microns	12/01/2022	82.1	87	81.65	83.5	180210	294.64	0.31
23450	20 Microns	13/01/2022	81.3	91.85	81.3	91.85	612897	324.11	0.31
23450	20 Microns	14/01/2022	91.65	101	88.7	96.95	343391	342.1	0.31
23450	20 Microns	17/01/2022	97	105.5	96.55	102.6	372894	362.04	0.31
23450	20 Microns	18/01/2022	103.95	108.25	94	95.25	229362	336.1	0.31
23450	20 Microns	19/01/2022	92.6	102.5	92.6	100.55	131937	354.81	0.31
23450	20 Microns	20/01/2022	99.6	103.9	95.8	99.4	219208	350.75	0.31
23450	20 Microns	21/01/2022	99.3	102	91.35	95.25	97031	336.1	0.31
23450	20 Microns	24/01/2022	95.25	100.35	88.45	89.35	92853	315.28	0.31
23450	20 Microns	25/01/2022	92.45	97	85.4	94.75	67404	334.34	0.31
23450	20 Microns	27/01/2022	91.25	94	88.9	91.95	60496	324.46	0.31
23450	20 Microns	28/01/2022	92.5	101.1	92.5	97.65	268347	344.57	0.31
23450	20 Microns	31/01/2022	98.75	99.8	90.1	91.5	129623	322.87	0.31
23450	20 Microns	01/02/2022	91.7	94	88	91.95	61048	324.46	0.31
23450	20 Microns	02/02/2022	93.7	94.25	90.35	91.05	18338	321.28	0.31
23450	20 Microns	03/02/2022	92.95	93.4	89.8	90.6	41672	319.7	0.31
23450	20 Microns	04/02/2022	92	92	87.35	88.25	37970	311.4	0.31
23450	20 Microns	07/02/2022	85.25	89.45	83.65	85	78326	299.94	0.31
23450	20 Microns	08/02/2022	87.5	87.5	82.3	83.4	44939	294.29	0.31
23450	20 Microns	09/02/2022	86.65	86.65	83.7	85.4	23419	301.35	0.31
23450	20 Microns	10/02/2022	86	92	84.45	89.15	40273	314.58	0.31
23450	20 Microns	11/02/2022	88.9	88.9	84.6	85.15	50011	300.46	0.31
23450	20 Microns	14/02/2022	84.5	84.5	76.65	76.65	45300	270.47	0.31
23450	20 Microns	15/02/2022	77.25	80.05	74.6	79.15	78259	279.29	0.31
23450	20 Microns	16/02/2022	81.4	83.35	79.4	79.6	47390	280.88	0.31
23450	20 Microns	17/02/2022	79.5	81.5	76.85	77.9	36614	274.88	0.31
23450	20 Microns	18/02/2022	76.2	79.5	76.2	77.3	34750	272.76	0.31
23450	20 Microns	21/02/2022	75	77.3	73.3	74.35	34624	262.36	0.31
23450	20 Microns	22/02/2022	69.05	72.85	69.05	69.55	58277	245.42	0.31
23450	20 Microns	23/02/2022	69.5	76.5	69.5	75.6	57323	266.77	0.31
23450	20 Microns	24/02/2022	68.5	71.55	68.05	68.05	53502	240.12	0.31
23450	20 Microns	25/02/2022	70.1	71.85	69.25	70.4	33272	248.42	0.31
23450	20 Microns	28/02/2022	72.85	72.85	67.35	71.25	46361	251.42	0.31
23450	20 Microns	02/03/2022	71	73.45	69.9	71.8	52010	253.36	0.31
23450	20 Microns	03/03/2022	73.5	74.85	71.5	71.9	18363	253.71	0.31
23450	20 Microns	04/03/2022	72	72.75	70.65	71.85	11787	253.53	0.31
23450	20 Microns	07/03/2022	68.6	70.9	68.5	70.1	21461	247.36	0.31
23450	20 Microns	08/03/2022	70	73.85	69.85	71.4	21194	251.95	0.31
23450	20 Microns	09/03/2022	74	74	72	72.4	27522	255.47	0.31
23450	20 Microns	10/03/2022	73.75	76	72.75	73.2	19525	258.3	0.31
23450	20 Microns	11/03/2022	73.95	78.6	73.25	76.05	63073	268.35	0.31
23450	20 Microns	14/03/2022	74.15	76.4	73.1	74	25201	261.12	0.31
23450	20 Microns	15/03/2022	73	75	71.55	72	15666	254.06	0.31
23450	20 Microns	16/03/2022	73.4	75.55	72.35	73.1	13072	257.94	0.31
23450	20 Microns	17/03/2022	74.05	76	73.6	74.9	26285	264.3	0.31
23450	20 Microns	21/03/2022	74.9	79.55	74.5	77.6	38368	273.82	0.31
23450	20 Microns	22/03/2022	79	79	75.5	76.6	10972	270.29	0.31
23450	20 Microns	23/03/2022	77.05	79.7	76.05	76.65	30358	270.47	0.31
23450	20 Microns	24/03/2022	78	78	75.55	76.7	32599	270.65	0.31
23450	20 Microns	25/03/2022	76.8	80.4	76.75	78.8	53278	278.06	0.31
23450	20 Microns	28/03/2022	78.9	79.9	74.8	75.65	35885	266.94	0.31
23450	20 Microns	29/03/2022	76.15	76.9	72.5	72.9	33864	257.24	0.31
23450	20 Microns	30/03/2022	73.1	77.5	73.1	75.1	39626	265	0.31
23450	20 Microns	31/03/2022	76	77.25	73	74	32718	261.12	0.31
23450	20 Microns	01/04/2022	74	81.4	73.3	81.4	143721	287.23	0.31
23450	20 Microns	04/04/2022	84	86	81.3	84.6	80712	298.52	0.31
23450	20 Microns	05/04/2022	85.5	88.05	84.2	85.85	23319	302.93	0.31
23450	20 Microns	06/04/2022	85.5	90.5	84.2	87.55	107392	308.93	0.31
23450	20 Microns	07/04/2022	90.8	94.5	88.1	89.65	123289	316.34	0.31
23450	20 Microns	08/04/2022	90	91.45	88	88.5	19978	312.29	0.31
23450	20 Microns	11/04/2022	94	94.1	88.9	93.15	32096	328.69	0.31
23450	20 Microns	12/04/2022	94	94	88	90.35	36173	318.81	0.31
23450	20 Microns	13/04/2022	90.1	92.25	88.75	89.25	26009	314.93	0.31
23450	20 Microns	18/04/2022	90	90	86.45	86.65	15075	305.76	0.31
23450	20 Microns	19/04/2022	87	94.4	87	89.85	163393	317.05	0.31
23450	20 Microns	20/04/2022	82	91.25	82	85.75	94870	302.58	0.31
23450	20 Microns	21/04/2022	86.45	90	86.45	88.6	59185	312.64	0.31
23450	20 Microns	22/04/2022	86	93	86	88.5	44209	312.29	0.31
23450	20 Microns	25/04/2022	88.1	90.1	85.95	86.35	57439	304.7	0.31
23450	20 Microns	26/04/2022	87.25	89	87	87.2	31183	307.7	0.31
23450	20 Microns	27/04/2022	86	87.1	84.05	85.7	49009	302.41	0.31
23450	20 Microns	28/04/2022	86.75	86.75	82.5	83.3	47230	293.94	0.31
23450	20 Microns	29/04/2022	83.55	85.05	79.95	80.95	49449	285.64	0.31
23450	20 Microns	02/05/2022	80	84	79.45	83.05	28355	293.05	0.31
23450	20 Microns	04/05/2022	83.95	84.4	77.65	79.95	46273	282.12	0.31
23450	20 Microns	05/05/2022	80.8	94.15	80.75	91.8	260968	323.93	0.31
23450	20 Microns	06/05/2022	89.1	92.5	85.7	91.25	152609	321.99	0.31
23450	20 Microns	09/05/2022	89.95	90.9	85.4	87.3	112462	308.05	0.31
23450	20 Microns	10/05/2022	87	90.35	82.85	83.8	108230	295.7	0.31
23450	20 Microns	11/05/2022	84	84.85	78.9	80.45	75311	283.88	0.31
23450	20 Microns	12/05/2022	78.8	83.3	77.5	78.3	279088	276.29	0.31
23450	20 Microns	13/05/2022	79.65	83.6	79.2	79.5	120950	280.53	0.31
23450	20 Microns	16/05/2022	80	85.95	79.55	81.75	26062	288.47	0.31
23450	20 Microns	17/05/2022	81.7	86.9	80.5	84.3	51133	297.47	0.31
23450	20 Microns	18/05/2022	86.8	87.75	84.25	85.25	44904	300.82	0.31
23450	20 Microns	19/05/2022	81.25	86.45	81.25	83.65	21595	295.17	0.31
23450	20 Microns	20/05/2022	86	87	83.5	84.3	12965	297.47	0.31
23450	20 Microns	23/05/2022	84.4	91.9	83.15	85.4	58678	301.35	0.31
23450	20 Microns	24/05/2022	85.2	86.1	82.55	83.7	11615	295.35	0.31
23450	20 Microns	25/05/2022	85	85.05	77.25	78.15	33790	275.76	0.31
23450	20 Microns	26/05/2022	85	85	74.4	77.15	34483	272.24	0.31
23450	20 Microns	27/05/2022	77.75	79.35	77.2	77.5	18522	273.47	0.31
23450	20 Microns	30/05/2022	78.1	84.8	78.1	79.45	38854	280.35	0.31
23450	20 Microns	31/05/2022	79.45	80.95	78.6	80.25	36369	283.17	0.31
23450	20 Microns	01/06/2022	79.5	81.6	79.35	79.8	9790	281.59	0.31
23450	20 Microns	02/06/2022	80	81.8	79.65	80.05	19032	282.47	0.31
23450	20 Microns	03/06/2022	81	81.3	77.3	78.05	23048	275.41	0.31
23450	20 Microns	06/06/2022	78.2	79.4	76.55	78.95	2705	278.59	0.31
23450	20 Microns	07/06/2022	78.2	80	78.2	78.5	6207	277	0.31
23450	20 Microns	08/06/2022	80	80	77.55	78.95	7085	278.59	0.31
23450	20 Microns	09/06/2022	78.8	80.95	77.75	78.25	13191	276.12	0.31
23450	20 Microns	10/06/2022	77.25	78.3	76.5	77.1	10533	272.06	0.31
23450	20 Microns	13/06/2022	73.1	75.75	72.3	73.6	23286	259.71	0.31
23450	20 Microns	14/06/2022	76.7	76.7	72	72.9	21918	257.24	0.31
23450	20 Microns	15/06/2022	75.8	79.3	72.6	73.2	41615	258.3	0.31
23450	20 Microns	16/06/2022	75.8	75.8	68.1	69.05	17317	243.65	0.31
23450	20 Microns	17/06/2022	68.2	70.4	67.4	68.7	18659	242.42	0.31
23450	20 Microns	20/06/2022	74	74	60	62.05	41249	218.95	0.31
23450	20 Microns	21/06/2022	65.8	65.8	61.75	64.5	43989	227.6	0.31
23450	20 Microns	22/06/2022	63.45	66.95	62.65	63.25	12338	223.19	0.31
23450	20 Microns	23/06/2022	63.4	65.85	63.4	65.2	10937	230.07	0.31
23450	20 Microns	24/06/2022	66.55	67.95	65.3	67.5	7438	238.18	0.31
23450	20 Microns	27/06/2022	68.25	70.65	67.5	68.6	17488	242.07	0.31
23450	20 Microns	28/06/2022	67.7	70.35	67.1	69.65	7091	245.77	0.31
23450	20 Microns	29/06/2022	68.15	71.7	68.15	69.5	5104	245.24	0.31
23450	20 Microns	30/06/2022	69.15	70.6	68	68.75	6552	242.59	0.31
23450	20 Microns	01/07/2022	68.3	69.2	67.4	68.6	5491	242.07	0.31
23450	20 Microns	04/07/2022	66.25	69.55	66.25	68.1	5222	240.3	0.31
23450	20 Microns	05/07/2022	68.1	70.45	68.1	69.7	5979	245.95	0.31
23450	20 Microns	06/07/2022	70	72.1	69.5	70.8	18301	249.83	0.31
23450	20 Microns	07/07/2022	72.9	72.9	70.15	71.3	14631	251.59	0.31
23450	20 Microns	08/07/2022	71.3	72.35	70.9	71.15	11357	251.06	0.31
23450	20 Microns	11/07/2022	70.2	73.7	70.2	72.85	5581	257.06	0.31
23450	20 Microns	12/07/2022	72	74.55	70.35	71.9	10580	253.71	0.31
23450	20 Microns	13/07/2022	72.4	73.05	71.2	71.5	3637	252.3	0.31
23450	20 Microns	14/07/2022	71.55	71.85	69.75	71	6979	250.53	0.31
23450	20 Microns	15/07/2022	70.6	72	70	71.9	7030	253.71	0.31
23450	20 Microns	18/07/2022	72.5	73.55	72	72.85	10999	257.06	0.31
23450	20 Microns	19/07/2022	70.6	76.1	70.6	75.35	68934	265.88	0.31
23450	20 Microns	20/07/2022	76.8	77.55	74.2	74.35	23551	262.36	0.31
23450	20 Microns	21/07/2022	75	77.8	74.25	75.6	27367	266.77	0.31
23450	20 Microns	22/07/2022	75.6	84.95	75.5	82	81007	289.35	0.31
23450	20 Microns	25/07/2022	82.5	97.5	82.25	93.95	357532	331.52	0.31
23450	20 Microns	26/07/2022	93.9	97.4	88.6	90.9	80518	320.75	0.31
23450	20 Microns	27/07/2022	91	92.65	88.15	91.95	46099	324.46	0.31
23450	20 Microns	28/07/2022	92.9	93.95	87.75	88.55	42819	312.46	0.31
23450	20 Microns	29/07/2022	88.55	93.05	88.55	90.15	39140	318.11	0.31
23450	20 Microns	01/08/2022	88	105.8	88	103.25	408095	364.33	0.31
23450	20 Microns	02/08/2022	104.45	106.2	99.05	99.65	50934	351.63	0.31
23450	20 Microns	03/08/2022	99.65	102.6	96.1	97.95	74327	345.63	0.31
23450	20 Microns	04/08/2022	98.15	101.75	93.1	97.55	45632	344.22	0.31
23450	20 Microns	05/08/2022	97.25	110.9	97.25	108.25	186549	381.98	0.31
23450	20 Microns	08/08/2022	109.05	115.45	108.65	111.25	236707	392.56	0.31
23450	20 Microns	10/08/2022	111	113	107.65	108.8	104134	383.92	0.31
23450	20 Microns	11/08/2022	109.3	111	104.45	105.45	66482	372.1	0.31
23450	20 Microns	12/08/2022	106	110.75	104.55	105.85	49055	373.51	0.31
23450	20 Microns	16/08/2022	107	109.3	105	108.15	64639	381.62	0.31
23450	20 Microns	17/08/2022	108.9	112.2	108.05	109.65	48157	386.92	0.31
23450	20 Microns	18/08/2022	109.05	109.4	102	105.05	85847	370.68	0.31
23450	20 Microns	19/08/2022	104.05	106.35	100.65	102.25	81272	360.8	0.31
23450	20 Microns	22/08/2022	102.25	111.9	101.7	107.4	181272	378.98	0.31
23450	20 Microns	23/08/2022	107.85	111	106.05	108.6	62787	383.21	0.31
23450	20 Microns	24/08/2022	108	118.9	107.95	115	161929	405.79	0.31
23450	20 Microns	25/08/2022	113.05	118.6	110.8	111.75	78393	394.33	0.31
23450	20 Microns	26/08/2022	113.2	116.1	105.5	107.6	89197	379.68	0.31
23450	20 Microns	29/08/2022	101.1	111	101.1	108.05	129932	381.27	0.31
23450	20 Microns	30/08/2022	108.1	112.25	108.1	109.9	62200	387.8	0.31
23450	20 Microns	01/09/2022	109.25	111.6	107.1	108.75	45532	383.74	0.31
23450	20 Microns	02/09/2022	109.25	110.5	105.9	106.3	20927	375.1	0.31
23450	20 Microns	05/09/2022	106.05	109.95	105.6	106.05	91847	374.21	0.31
23450	20 Microns	06/09/2022	106.05	108	104	105.3	34521	371.57	0.31
23450	20 Microns	07/09/2022	103.9	106.9	103.55	104.65	44962	369.27	0.31
23450	20 Microns	08/09/2022	105	109	105	105.35	57088	371.74	0.31
23450	20 Microns	09/09/2022	105.05	106.65	102.35	103.45	42743	365.04	0.31
23450	20 Microns	12/09/2022	103.2	112.55	103.2	110.2	92661	388.86	0.31
23450	20 Microns	13/09/2022	111.25	113.5	106.85	108.25	84109	381.98	0.31
23450	20 Microns	14/09/2022	106.65	115.5	105.05	109.25	182283	385.51	0.31
23450	20 Microns	15/09/2022	109.8	112.3	108.15	109.2	51689	385.33	0.31
23450	20 Microns	16/09/2022	107.3	109.3	105.35	107.45	43441	379.15	0.31
23450	20 Microns	19/09/2022	106	110.25	105.35	106.95	64173	377.39	0.31
23450	20 Microns	20/09/2022	107.1	110.35	106.75	107.35	36637	378.8	0.31
23450	20 Microns	21/09/2022	107.35	108.05	104	104.65	23034	369.27	0.31
23450	20 Microns	22/09/2022	103.05	108.5	103.05	107.1	26421	377.92	0.31
23450	20 Microns	23/09/2022	106.45	109.8	105	105.75	22653	373.15	0.31
23450	20 Microns	26/09/2022	103.15	105.15	95	96.5	105406	340.51	0.31
23450	20 Microns	27/09/2022	97.9	99	93.7	96.85	57181	341.75	0.31
23450	20 Microns	28/09/2022	95.25	96.95	94.1	94.4	9890	333.1	0.31
23450	20 Microns	29/09/2022	95.1	98.5	95.1	96.6	11661	340.87	0.31
23450	20 Microns	30/09/2022	96	99.2	95.65	97.65	24989	344.57	0.31
23450	20 Microns	03/10/2022	97.15	98.95	95.1	95.7	12391	337.69	0.31
23450	20 Microns	04/10/2022	96.25	98.4	94.35	97.65	26094	344.57	0.31
23450	20 Microns	06/10/2022	98	100.35	97.75	98.3	10346	346.87	0.31
23450	20 Microns	07/10/2022	97.2	101.9	96.1	100.15	16224	353.39	0.31
23450	20 Microns	10/10/2022	98.2	100.4	98.1	99.05	9531	349.51	0.31
23450	20 Microns	11/10/2022	97.25	101.65	96.85	97.25	11624	343.16	0.31
23450	20 Microns	12/10/2022	97.3	98.2	96.3	97.05	6055	342.46	0.31
23450	20 Microns	13/10/2022	96.5	97.8	95.5	95.95	7046	338.57	0.31
23450	20 Microns	14/10/2022	96.8	97.55	94.05	94.5	11312	333.46	0.31
23450	20 Microns	17/10/2022	94.2	95.2	93.05	94.25	12558	332.58	0.31
23450	20 Microns	18/10/2022	97.75	97.75	93	93.55	19959	330.11	0.31
23450	20 Microns	19/10/2022	95.65	95.65	91.85	92.8	18787	327.46	0.31
23450	20 Microns	20/10/2022	92.1	93.95	90.8	91.3	15497	322.17	0.31
23450	20 Microns	21/10/2022	92	93	90.3	90.55	11718	319.52	0.31
23450	20 Microns	24/10/2022	92	92.7	90	91.55	6642	323.05	0.31
23450	20 Microns	25/10/2022	91.55	92.15	89.4	89.7	10003	316.52	0.31
23450	20 Microns	27/10/2022	88.6	91.9	87.5	88.35	33701	311.76	0.31
23450	20 Microns	28/10/2022	88.15	90.6	87.65	88.45	18681	312.11	0.31
23450	20 Microns	31/10/2022	89.4	90.3	87.35	88.35	24528	311.76	0.31
23450	20 Microns	01/11/2022	88.55	90.95	88.55	90.7	6079	320.05	0.31
23450	20 Microns	02/11/2022	91.1	93.05	88.9	89.2	25753	314.76	0.31
23450	20 Microns	03/11/2022	88.75	89.55	88.05	88.5	6965	312.29	0.31
23450	20 Microns	04/11/2022	87.85	93	87.85	91.6	30423	323.22	0.31
23450	20 Microns	07/11/2022	91.9	93.65	91.4	92.6	23478	326.75	0.31
23450	20 Microns	09/11/2022	92.1	95.5	92.1	94.3	22536	332.75	0.31
23450	20 Microns	10/11/2022	93.35	94	91	91.85	13396	324.11	0.31
23450	20 Microns	11/11/2022	93	97	92.15	94.9	14346	334.87	0.31
23450	20 Microns	14/11/2022	95.45	95.95	92.45	92.8	13096	327.46	0.31
23450	20 Microns	15/11/2022	93.75	99.5	93.3	98.05	149856	345.98	0.31
23450	20 Microns	16/11/2022	97	98.5	94.4	94.65	20223	333.99	0.31
23450	20 Microns	17/11/2022	95.7	95.7	92.7	94.5	5608	333.46	0.31
23450	20 Microns	18/11/2022	94.5	95.65	91.8	92.95	32686	327.99	0.31
23450	20 Microns	21/11/2022	92.45	94.05	88.35	90.15	6306	318.11	0.31
23450	20 Microns	22/11/2022	90.15	92.1	90.15	91.4	7739	322.52	0.31
23450	20 Microns	23/11/2022	91	92.1	90.75	91.1	7620	321.46	0.31
23450	20 Microns	24/11/2022	91	93.65	90.7	92.55	30149	326.58	0.31
23450	20 Microns	25/11/2022	91.75	94	91.75	92.65	27183	326.93	0.31
23450	20 Microns	28/11/2022	92	94.3	92	93.6	5601	330.28	0.31
23450	20 Microns	29/11/2022	93.6	94.35	92.8	93.2	8991	328.87	0.31
23450	20 Microns	30/11/2022	92.85	94.25	92.75	93.3	9525	329.22	0.31
23450	20 Microns	01/12/2022	94.5	94.95	92.7	93.4	9658	329.58	0.31
23450	20 Microns	02/12/2022	92.85	96.05	92.75	95.05	46896	335.4	0.31
23450	20 Microns	05/12/2022	95.8	96.45	93.55	95.5	12871	336.99	0.31
23450	20 Microns	06/12/2022	94.5	95.4	93.25	93.75	14330	330.81	0.31
23450	20 Microns	07/12/2022	93.5	101.7	93.15	98.9	43632	348.98	0.31
23450	20 Microns	08/12/2022	100.75	100.75	97.55	99.25	23056	350.22	0.31
23450	20 Microns	09/12/2022	99	100.4	96	96.65	12879	341.04	0.31
23450	20 Microns	12/12/2022	96.05	96.95	94.25	95.75	9859	337.87	0.31
23450	20 Microns	13/12/2022	95.75	101.55	95.7	98.3	71344	346.87	0.31
23450	20 Microns	14/12/2022	97.75	99.8	96.4	96.8	34515	341.57	0.31
23450	20 Microns	15/12/2022	97.75	98.25	95.5	95.9	22662	338.4	0.31
23450	20 Microns	16/12/2022	96	96.9	93.85	94.3	22652	332.75	0.31
23450	20 Microns	19/12/2022	94.1	94.4	93.25	93.3	7336	329.22	0.31
23450	20 Microns	20/12/2022	93.45	96	93.45	95	5498	335.22	0.31
23450	20 Microns	21/12/2022	95	95.65	89.3	90.3	22378	318.64	0.31
23450	20 Microns	22/12/2022	91	91.15	86.15	87.25	33622	307.87	0.31
23450	20 Microns	23/12/2022	83.15	86	81	81.45	32294	287.41	0.31
23450	20 Microns	26/12/2022	79	88	79	87	5424	306.99	0.31
23450	20 Microns	27/12/2022	88.75	89.7	87.3	88.3	15581	311.58	0.31
23450	20 Microns	28/12/2022	86.65	90.9	86.65	89.35	14612	315.28	0.31
23450	20 Microns	29/12/2022	88	92	88	91.45	7542	322.7	0.31
23450	20 Microns	30/12/2022	91.2	92.5	89.5	91.1	8837	321.46	0.31
23450	20 Microns	02/01/2023	93.5	93.5	91.05	92.75	10432	327.28	0.31
23450	20 Microns	03/01/2023	93	95.4	92.15	93.45	5928	329.75	0.31
23450	20 Microns	04/01/2023	91.55	94.9	91	91.3	18852	322.17	0.31
23450	20 Microns	05/01/2023	90.75	92.5	90.3	90.95	1781	320.93	0.31
23450	20 Microns	06/01/2023	91.25	91.9	89.55	90.2	8359	318.28	0.31
23450	20 Microns	09/01/2023	90	93.45	90	90.75	10610	320.23	0.31
23450	20 Microns	10/01/2023	91.35	91.95	90.15	91.25	8946	321.99	0.31
23450	20 Microns	11/01/2023	92	93.1	90.1	92	10968	324.64	0.31
23450	20 Microns	12/01/2023	91.05	92	88.8	89.4	21701	315.46	0.31
23450	20 Microns	13/01/2023	89.5	91	89.5	90.85	3253	320.58	0.31
23450	20 Microns	16/01/2023	89.6	92	89.6	90	5511	317.58	0.31
23450	20 Microns	17/01/2023	89.65	90.4	88.4	89.15	16957	314.58	0.31
23450	20 Microns	18/01/2023	89.1	90.25	89.1	89.85	5429	317.05	0.31
23450	20 Microns	19/01/2023	88	90.8	88	89.85	9997	317.05	0.31
23450	20 Microns	20/01/2023	89.45	90.85	89.45	90.1	5430	317.93	0.31
23450	20 Microns	23/01/2023	88.15	90.15	88.15	88.85	4010	313.52	0.31
23450	20 Microns	24/01/2023	88.4	89.6	88.25	88.8	5508	313.34	0.31
23450	20 Microns	25/01/2023	88.1	90	83.35	85.65	20889	302.23	0.31
23450	20 Microns	27/01/2023	83.5	83.8	76.9	78.6	66573	277.35	0.31
23450	20 Microns	30/01/2023	82	82	77.15	78.15	15473	275.76	0.31
23450	20 Microns	31/01/2023	77.55	82.5	77.5	80.7	17834	284.76	0.31
23450	20 Microns	01/02/2023	80.4	82.45	78.45	79	16262	278.76	0.31
23450	20 Microns	02/02/2023	76	80.65	76	79.9	19275	281.94	0.31
23450	20 Microns	03/02/2023	79.8	80.9	77.7	77.95	9029	275.06	0.31
23450	20 Microns	06/02/2023	79.5	79.55	76.9	77.6	3307	273.82	0.31
23450	20 Microns	07/02/2023	77.75	79.25	76.3	76.65	5574	270.47	0.31
23450	20 Microns	08/02/2023	76.4	78	76.2	76.75	10034	270.82	0.31
23450	20 Microns	09/02/2023	78	78	76.3	77.25	4622	272.59	0.31
23450	20 Microns	10/02/2023	76.7	77.9	76.4	76.6	4949	270.29	0.31
23450	20 Microns	13/02/2023	78.75	78.75	75.55	76.6	12551	270.29	0.31
23450	20 Microns	14/02/2023	76.2	76.85	74.7	74.95	9416	264.47	0.31
23450	20 Microns	15/02/2023	74.1	76.45	74.1	75.45	1345	266.24	0.31
23450	20 Microns	16/02/2023	75.2	77	73.2	73.55	10026	259.53	0.31
23450	20 Microns	17/02/2023	73.45	74.2	71.9	72.1	4003	254.42	0.31
23450	20 Microns	20/02/2023	71.5	72.8	69.3	70.15	11483	247.53	0.31
23450	20 Microns	21/02/2023	70.3	71.1	69.65	70.05	13147	247.18	0.31
23450	20 Microns	22/02/2023	69.1	70.8	67.65	68.4	9067	241.36	0.31
23450	20 Microns	23/02/2023	67.2	70.05	67.2	69.1	4018	243.83	0.31
23450	20 Microns	24/02/2023	69.15	70.15	67.8	68.2	5128	240.65	0.31
23450	20 Microns	27/02/2023	67.65	69.2	66.85	67.05	2782	236.6	0.31
23450	20 Microns	28/02/2023	67.35	68.3	66.15	67.25	2239	237.3	0.31
23450	20 Microns	01/03/2023	67.3	70.95	65.9	70.14	2634	247.5	0.31
23450	20 Microns	02/03/2023	70.07	70.7	69.73	70.02	2909	247.08	0.31
23450	20 Microns	03/03/2023	70	71.7	70	70.6	8530	249.12	0.31
23450	20 Microns	06/03/2023	70.05	72.8	70.05	72.03	5144	254.17	0.31
23450	20 Microns	08/03/2023	71.5	72.01	69.45	71.9	10117	253.71	0.31
23450	20 Microns	09/03/2023	71.28	73.95	71.28	72.75	18011	256.71	0.31
23450	20 Microns	10/03/2023	71.65	72.55	69.5	69.77	11944	246.19	0.31
23450	20 Microns	13/03/2023	68.5	70.3	67.7	68.09	7129	240.27	0.31
23450	20 Microns	14/03/2023	68.4	68.74	66.43	67.62	6370	238.61	0.31
23450	20 Microns	15/03/2023	67.7	68.72	66.5	66.94	6561	236.21	0.31
23450	20 Microns	16/03/2023	66.55	67.17	65	65.46	2855	230.99	0.31
23450	20 Microns	17/03/2023	65.25	67.35	65.25	66.67	2671	235.26	0.31
23450	20 Microns	20/03/2023	66.2	66.3	64.43	65.62	2348	231.55	0.31
23450	20 Microns	21/03/2023	65.5	66.85	65.01	66.22	6018	233.67	0.31
23450	20 Microns	22/03/2023	65.9	68.5	65.9	68.25	7489	240.83	0.31
23450	20 Microns	23/03/2023	68.05	69.45	66.8	68.85	6351	242.95	0.31
23450	20 Microns	24/03/2023	69.85	69.85	66.3	66.77	13392	235.61	0.31
23450	20 Microns	27/03/2023	66.75	67	64	64.27	18178	226.79	0.31
23450	20 Microns	28/03/2023	64.9	66.63	62.8	64.51	151394	227.63	0.31
23450	20 Microns	29/03/2023	64.65	66.65	64.35	65.69	3506	231.8	0.31
23450	20 Microns	31/03/2023	70.89	77.15	70.2	74.23	33135	261.93	0.31
23450	20 Microns	03/04/2023	74.85	80.5	73.2	78.29	39823	276.26	0.31
23450	20 Microns	05/04/2023	78.1	79.32	77.15	78.26	5302	276.15	0.31
23450	20 Microns	06/04/2023	77.5	80.28	77.45	79.82	15385	281.66	0.31
23450	20 Microns	10/04/2023	79.5	81.85	79	80.86	14481	285.33	0.31
23450	20 Microns	11/04/2023	80.11	85.56	80.11	83.71	36160	295.38	0.31
23450	20 Microns	12/04/2023	84.23	85.75	82.62	83.02	13536	292.95	0.31
23450	20 Microns	13/04/2023	81.36	83.75	81.35	82.88	5916	292.45	0.31
23450	20 Microns	17/04/2023	81.3	82.85	80.73	82.24	6657	290.2	0.31
23450	20 Microns	18/04/2023	81.4	84.23	81.4	82.34	7671	290.55	0.31
23450	20 Microns	19/04/2023	82.08	83	81.13	81.54	3875	287.73	0.31
23450	20 Microns	20/04/2023	81	85.28	81	83.92	5234	296.12	0.31
23450	20 Microns	21/04/2023	82.25	85.3	82.25	83.3	16668	293.94	0.31
23450	20 Microns	24/04/2023	83.3	85.88	83.3	84.52	7149	298.24	0.31
23450	20 Microns	25/04/2023	84.18	85.23	82.32	83.53	5058	294.75	0.31
23450	20 Microns	26/04/2023	83.73	85.42	79.66	80.42	8940	283.77	0.31
23450	20 Microns	27/04/2023	80.72	83.2	80.72	82.58	15430	291.4	0.31
23450	20 Microns	28/04/2023	81.1	84.5	81.1	83.81	3422	295.74	0.31
23450	20 Microns	02/05/2023	82	85.15	82	83.87	11853	295.95	0.31
23450	20 Microns	03/05/2023	83	86.85	83	84.77	10223	299.12	0.31
23450	20 Microns	04/05/2023	85.8	86.08	83.43	85.37	5998	301.24	0.31
23450	20 Microns	05/05/2023	85	87	83.1	85.33	18847	301.1	0.31
23450	20 Microns	08/05/2023	85.3	87	84.2	84.36	9071	297.68	0.31
23450	20 Microns	09/05/2023	83.65	85	82.16	82.37	13357	290.65	0.31
23450	20 Microns	10/05/2023	82.4	83.22	81.8	82.28	2704	290.34	0.31
23450	20 Microns	11/05/2023	82.65	84	82.65	83.08	1589	293.16	0.31
23450	20 Microns	12/05/2023	82.7	87.5	82.7	85.34	5394	301.14	0.31
23450	20 Microns	15/05/2023	85.99	86	81.75	82.2	17765	290.06	0.31
23450	20 Microns	16/05/2023	84	85	81.9	82.21	15238	290.09	0.31
23450	20 Microns	17/05/2023	83.01	84.45	82.4	83.64	35293	295.14	0.31
23450	20 Microns	18/05/2023	84.3	85.3	82.52	83.11	12691	293.27	0.31
23450	20 Microns	19/05/2023	83.11	84.88	83	83.97	11077	296.3	0.31
23450	20 Microns	22/05/2023	83.55	85.4	83.55	84	7218	296.41	0.31
23450	20 Microns	23/05/2023	84.42	90	83.88	87.54	52412	308.9	0.31
23450	20 Microns	24/05/2023	87.77	95	87.27	92.58	64457	326.68	0.31
23450	20 Microns	25/05/2023	92	99.5	92	98.21	158930	346.55	0.31
23450	20 Microns	26/05/2023	98.06	100.7	92.67	93.16	48245	328.73	0.31
23450	20 Microns	29/05/2023	93.78	95.58	92.33	93.59	15505	330.25	0.31
23450	20 Microns	30/05/2023	93.5	93.5	90.81	91.02	12694	321.18	0.31
23450	20 Microns	31/05/2023	92	93.45	91.77	92.26	1373	325.55	0.31
23450	20 Microns	01/06/2023	93.88	94.2	92.01	92.57	13382	326.65	0.31
23450	20 Microns	02/06/2023	92.1	93.97	89.9	90.99	3633	321.07	0.31
23450	20 Microns	05/06/2023	91	93.5	90	93.03	10232	328.27	0.31
23450	20 Microns	06/06/2023	91	102.49	91	98.7	124281	348.28	0.31
23450	20 Microns	07/06/2023	99.79	99.79	94.85	96.89	54937	341.89	0.31
23450	20 Microns	08/06/2023	95.45	97.5	93.65	94.07	32423	331.94	0.31
23450	20 Microns	09/06/2023	95	98.45	95	96.78	18613	341.5	0.31
23450	20 Microns	12/06/2023	96.21	98.9	95.01	97.07	24823	342.53	0.31
23450	20 Microns	13/06/2023	95.21	97.95	95.21	96.81	11651	341.61	0.31
23450	20 Microns	14/06/2023	96.75	104	96.75	100.68	33832	355.26	0.31
23450	20 Microns	15/06/2023	100	101.6	97.55	98.26	24678	346.73	0.31
23450	20 Microns	16/06/2023	98.3	100.68	95.65	97.07	24645	342.53	0.31
23450	20 Microns	19/06/2023	96.61	98.55	95.52	96.9	25497	341.93	0.31
23450	20 Microns	20/06/2023	98	100	97.5	98.75	13784	348.45	0.31
23450	20 Microns	21/06/2023	98	103.5	98	101.34	52083	357.59	0.31
23450	20 Microns	22/06/2023	101.18	101.18	95.1	96.83	33886	341.68	0.31
23450	20 Microns	23/06/2023	96	96.5	92.4	93.08	14056	328.45	0.31
23450	20 Microns	26/06/2023	93.1	94	91.85	92.25	6572	325.52	0.31
23450	20 Microns	27/06/2023	92	94	91.85	93.42	5759	329.65	0.31
23450	20 Microns	28/06/2023	95	95	92.27	92.35	3235	325.87	0.31
23450	20 Microns	30/06/2023	91.6	96.87	91.6	93.87	4425	331.23	0.31
23450	20 Microns	03/07/2023	95	95.95	93.37	94.56	2155	333.67	0.31
23450	20 Microns	04/07/2023	94	95	92.55	93.9	5553	331.34	0.31
23450	20 Microns	05/07/2023	93.25	93.99	92.35	93.1	12026	328.52	0.31
23450	20 Microns	06/07/2023	94	94.3	92.85	93.91	1443	331.38	0.31
23450	20 Microns	07/07/2023	93.15	94	92.9	92.95	7201	327.99	0.31
23450	20 Microns	10/07/2023	92.85	94.65	92	92.84	6076	327.6	0.31
23450	20 Microns	11/07/2023	94.7	94.7	93	94.35	3235	332.93	0.31
23450	20 Microns	12/07/2023	93.45	93.8	90	93.18	9383	328.8	0.31
23450	20 Microns	13/07/2023	93	95.95	93	93.01	5078	328.2	0.31
23450	20 Microns	14/07/2023	93.02	97	93.01	96.3	4596	339.81	0.31
23450	20 Microns	17/07/2023	97	100.45	97	99.6	13797	351.45	0.31
23450	20 Microns	18/07/2023	100	104	98.2	99.81	12935	352.19	0.31
23450	20 Microns	19/07/2023	98.35	101.55	98	99.6	25188	351.45	0.31
23450	20 Microns	20/07/2023	100	102.45	99.1	101.17	12457	356.99	0.31
23450	20 Microns	21/07/2023	99.51	103.95	99.51	100.89	6230	356.01	0.31
23450	20 Microns	24/07/2023	105.93	105.93	105.93	105.93	4856	373.79	0.31
23450	20 Microns	25/07/2023	111.22	111.22	104	111.22	29829	392.46	0.31
23450	20 Microns	26/07/2023	115.9	116.78	110	116	44234	409.32	0.31
23450	20 Microns	27/07/2023	117.8	121.8	111	121.26	36539	427.88	0.31
23450	20 Microns	28/07/2023	119.15	119.15	118.84	118.84	37952	419.34	0.31
23450	20 Microns	31/07/2023	116.47	116.47	116.47	116.47	6452	410.98	0.31
23450	20 Microns	01/08/2023	114.15	114.15	114.15	114.15	10832	402.8	0.31
23450	20 Microns	02/08/2023	112.05	112.05	111.9	111.9	39438	394.86	0.31
23450	20 Microns	03/08/2023	109.7	109.7	109.7	109.7	11952	387.09	0.31
23450	20 Microns	04/08/2023	107.55	107.55	107.55	107.55	15794	379.51	0.31
23450	20 Microns	07/08/2023	105.4	108.15	105.4	108.15	19305	381.62	0.31
23450	20 Microns	08/08/2023	110.3	110.3	110.3	110.3	15470	389.21	0.31
23450	20 Microns	09/08/2023	112.5	112.5	112.5	112.5	5508	396.97	0.31
23450	20 Microns	10/08/2023	114.75	114.75	114.75	114.75	15659	404.91	0.31
23450	20 Microns	11/08/2023	117	117	115.95	116	42765	409.32	0.31
23450	20 Microns	14/08/2023	113.7	116	113.7	116	19016	409.32	0.31
23450	20 Microns	16/08/2023	115.8	116	113.7	114	10138	402.27	0.31
23450	20 Microns	17/08/2023	113	114	111.75	111.75	11233	394.33	0.31
23450	20 Microns	18/08/2023	110.25	111.35	110.25	111	4416	391.68	0.31
23450	20 Microns	21/08/2023	111	111	109.65	109.75	2819	387.27	0.31
23450	20 Microns	22/08/2023	110	111.9	110	111.5	3217	393.44	0.31
23450	20 Microns	23/08/2023	111.35	111.35	109.45	110	12541	388.15	0.31
23450	20 Microns	24/08/2023	110.8	112	110.8	112	11618	395.21	0.31
23450	20 Microns	25/08/2023	114.2	114.2	114.2	114.2	2021	402.97	0.31
23450	20 Microns	28/08/2023	116.45	116.45	116.45	116.45	2506	410.91	0.31
23450	20 Microns	29/08/2023	118.75	118.75	117	117	8278	412.85	0.31
23450	20 Microns	30/08/2023	117.1	118.75	115.2	115.2	4234	406.5	0.31
23450	20 Microns	31/08/2023	115	117	115	116	8482	409.32	0.31
23450	20 Microns	01/09/2023	115.05	115.95	114.9	114.9	5860	405.44	0.31
23450	20 Microns	04/09/2023	120.6	120.6	115.2	120.6	8329	425.56	0.31
23450	20 Microns	05/09/2023	126.6	126.6	126.6	126.6	2550	446.73	0.31
23450	20 Microns	06/09/2023	132.9	132.9	129.95	132.9	25174	468.96	0.31
23450	20 Microns	07/09/2023	133	139.5	126.3	127.5	38819	449.9	0.31
23450	20 Microns	08/09/2023	127.5	129.1	123.1	124.35	15722	438.79	0.31
23450	20 Microns	11/09/2023	121.8	126	121.8	124.7	11764	440.02	0.31
23450	20 Microns	12/09/2023	124.1	124.15	118.5	118.8	9866	419.2	0.31
23450	20 Microns	13/09/2023	118.9	122.85	112.9	122.2	9745	431.2	0.31
23450	20 Microns	14/09/2023	125.75	127.5	122	127	10872	448.14	0.31
23450	20 Microns	15/09/2023	126.75	128	122.1	124.95	8659	440.9	0.31
23450	20 Microns	18/09/2023	122.5	126.9	122.5	126.85	4901	447.61	0.31
23450	20 Microns	20/09/2023	121.5	126	121.5	123.35	8394	435.26	0.31
23450	20 Microns	21/09/2023	125.85	126.75	125	125.6	1414	443.2	0.31
23450	20 Microns	22/09/2023	127.95	130	125.1	129.45	6297	456.78	0.31
23450	20 Microns	25/09/2023	131	134	130.9	131.4	8620	463.66	0.31
23450	20 Microns	26/09/2023	134	134	130.2	131.6	4124	464.37	0.31
23450	20 Microns	27/09/2023	132	133.75	127.05	129.95	5266	458.55	0.31
23450	20 Microns	28/09/2023	132	132	124.05	127.35	4253	449.37	0.31
23450	20 Microns	29/09/2023	126	133.7	126	133.4	2928	470.72	0.31
23450	20 Microns	03/10/2023	134.05	140.05	132.7	140.05	41561	494.19	0.31
23450	20 Microns	04/10/2023	140	147.05	139.1	146.7	46415	517.65	0.31
23450	20 Microns	05/10/2023	152.4	154	149	154	24232	543.41	0.31
23450	20 Microns	06/10/2023	156.75	161.7	151.15	158.6	17432	559.64	0.31
23450	20 Microns	09/10/2023	155.45	155.45	155.45	155.45	4933	548.53	0.31
23450	20 Microns	10/10/2023	152.35	152.35	152.35	152.35	1158	537.59	0.31
23450	20 Microns	11/10/2023	149.35	149.35	149.35	149.35	1828	527	0.31
23450	20 Microns	12/10/2023	146.4	147	146.4	146.4	20099	516.59	0.31
23450	20 Microns	13/10/2023	145	145	143.5	143.5	8108	506.36	0.31
23450	20 Microns	16/10/2023	140.65	140.65	140.65	140.65	4298	496.3	0.31
23450	20 Microns	17/10/2023	137.85	143.45	137.85	143.45	22734	506.18	0.31
23450	20 Microns	18/10/2023	145.6	145.6	140.6	140.6	13190	496.13	0.31
23450	20 Microns	19/10/2023	139	139	138	138.55	5813	488.89	0.31
23450	20 Microns	20/10/2023	138.55	138.55	135.8	135.8	4454	479.19	0.31
23450	20 Microns	23/10/2023	133.1	133.1	133.1	133.1	2799	469.66	0.31
23450	20 Microns	25/10/2023	133.1	133.1	130.5	130.55	11192	460.67	0.31
23450	20 Microns	26/10/2023	133.15	133.15	133.15	133.15	5509	469.84	0.31
23450	20 Microns	27/10/2023	135.8	135.8	135.8	135.8	3400	479.19	0.31
23450	20 Microns	30/10/2023	138.5	138.5	138.5	138.5	1593	488.72	0.31
23450	20 Microns	31/10/2023	141.25	141.25	141.25	141.25	4345	498.42	0.31
23450	20 Microns	01/11/2023	144.05	144.05	144.05	144.05	714	508.3	0.31
23450	20 Microns	02/11/2023	146.9	146.9	146.9	146.9	2523	518.36	0.31
23450	20 Microns	03/11/2023	147	149.8	146.9	149.8	33278	528.59	0.31
23450	20 Microns	06/11/2023	152.75	152.75	152.75	152.75	993	539	0.31
23450	20 Microns	07/11/2023	155.8	155.8	155.8	155.8	4311	549.76	0.31
23450	20 Microns	08/11/2023	158.9	158.9	156.95	156.95	15766	553.82	0.31
23450	20 Microns	09/11/2023	155.1	160.05	155.1	160.05	4284	564.76	0.31
23450	20 Microns	10/11/2023	157.1	163.25	157.1	163.2	2574	575.88	0.31
23450	20 Microns	12/11/2023	155.5	171.35	155.5	171.35	5400	604.63	0.31
23450	20 Microns	13/11/2023	177.9	177.9	162.8	164.6	15881	580.82	0.31
23450	20 Microns	15/11/2023	164	166	156.4	163	19182	575.17	0.31
23450	20 Microns	16/11/2023	162.9	165	159.05	162.75	3351	574.29	0.31
23450	20 Microns	17/11/2023	163.9	170.85	160.25	170.85	15341	602.87	0.31
23450	20 Microns	20/11/2023	177.75	177.75	164	166.95	9131	589.11	0.31
23450	20 Microns	21/11/2023	160.1	171	160.1	168	5601	592.81	0.31
23450	20 Microns	22/11/2023	173.2	173.2	169	171.9	4838	606.57	0.31
23450	20 Microns	23/11/2023	170	180.45	170	178.4	29551	629.51	0.31
23450	20 Microns	24/11/2023	180	184.95	180	181.3	10437	639.74	0.31
23450	20 Microns	28/11/2023	186.55	190.1	176.4	177.85	36115	627.57	0.31
23450	20 Microns	29/11/2023	179.3	186.7	173	184.05	16636	649.45	0.31
23450	20 Microns	30/11/2023	184.05	184.5	178.3	183.45	27377	647.33	0.31
23450	20 Microns	01/12/2023	184.35	185.25	174.85	177.1	17490	624.92	0.31
23450	20 Microns	04/12/2023	178	182.5	174.5	176.5	18025	622.81	0.31
23450	20 Microns	05/12/2023	177.55	178.5	170.85	171.45	8572	604.99	0.31
23450	20 Microns	06/12/2023	175	175	160.35	166.85	16968	588.76	0.31
23450	20 Microns	07/12/2023	164.65	181	164.65	178.3	21957	629.16	0.31
23450	20 Microns	08/12/2023	182.05	196	176.1	182.85	26233	645.21	0.31
23450	20 Microns	11/12/2023	186.55	195.05	186.5	189.15	50563	667.44	0.31
23450	20 Microns	12/12/2023	187.15	191.3	186.15	186.5	7926	658.09	0.31
23450	20 Microns	13/12/2023	186.15	186.15	182.4	183	12936	645.74	0.31
23450	20 Microns	14/12/2023	186.25	186.25	177.4	179.05	25163	631.8	0.31
23450	20 Microns	15/12/2023	182.8	183.25	178.1	178.9	18256	631.28	0.31
23450	20 Microns	18/12/2023	184.45	184.45	175.95	178.35	16589	629.33	0.31
23450	20 Microns	19/12/2023	183.55	184	176	178.15	10578	628.63	0.31
23450	20 Microns	20/12/2023	182.75	182.75	161.7	166.35	19914	586.99	0.31
23450	20 Microns	21/12/2023	171.9	174	159.95	171.5	22505	605.16	0.31
23450	20 Microns	22/12/2023	173.8	200	173	189.3	153434	667.97	0.31
23450	20 Microns	26/12/2023	190.8	196.05	183.3	188.9	40524	666.56	0.31
23450	20 Microns	27/12/2023	192.75	192.75	180.85	185.95	22336	656.15	0.31
23450	20 Microns	28/12/2023	177.15	187.1	177.15	179.15	29087	632.16	0.31
23450	20 Microns	29/12/2023	180	180	174.7	176.55	15126	622.98	0.31
23450	20 Microns	01/01/2024	178	182.65	174.1	176.4	33655	622.45	0.31
23450	20 Microns	02/01/2024	176.4	176.65	169	171.05	20460	603.58	0.31
23450	20 Microns	03/01/2024	172.95	180.65	169.35	179.15	33348	632.16	0.31
23450	20 Microns	04/01/2024	180	182.8	175.15	175.7	17511	619.98	0.31
23450	20 Microns	05/01/2024	175.8	178.4	173.3	175	20691	617.51	0.31
23450	20 Microns	08/01/2024	175.3	180.8	172.1	175.45	9230	619.1	0.31
23450	20 Microns	09/01/2024	178	179.6	173.95	175.15	24785	618.04	0.31
23450	20 Microns	10/01/2024	174.05	176.55	173.75	174.9	6287	617.16	0.31
23450	20 Microns	11/01/2024	177	179	175	177.9	7548	627.75	0.31
23450	20 Microns	12/01/2024	179	181.5	177	178.2	29851	628.81	0.31
23450	20 Microns	15/01/2024	179.9	183.05	175	176.35	19673	622.28	0.31
23450	20 Microns	16/01/2024	179.85	179.95	163.65	165.65	19592	584.52	0.31
23450	20 Microns	17/01/2024	165.6	173.8	162.6	170.2	39367	600.58	0.31
23450	20 Microns	18/01/2024	172.85	172.85	164.75	169.3	28069	597.4	0.31
23450	20 Microns	19/01/2024	170.05	172.65	168.3	170.9	5980	603.05	0.31
23450	20 Microns	20/01/2024	172	173.15	168.1	170.6	13387	601.99	0.31
23450	20 Microns	23/01/2024	171.4	171.4	165.5	166.95	16164	589.11	0.31
23450	20 Microns	24/01/2024	167	169.1	164.1	166.7	4545	588.23	0.31
23450	20 Microns	25/01/2024	168.25	177.8	166.5	175.95	27213	620.87	0.31
23450	20 Microns	29/01/2024	176.45	177	168.3	169.1	28867	596.69	0.31
23450	20 Microns	30/01/2024	170	172.9	163.35	170.3	28969	600.93	0.31
23450	20 Microns	31/01/2024	170.25	170.8	166	168.85	16137	595.81	0.31
23450	20 Microns	01/02/2024	167.7	169.75	165.75	166.35	6283	586.99	0.31
23450	20 Microns	02/02/2024	173	173	163.5	163.65	32808	577.46	0.31
23450	20 Microns	05/02/2024	166.95	166.95	156.3	157.4	37511	555.41	0.31
23450	20 Microns	06/02/2024	159	159.55	152	154.9	11104	546.59	0.31
23450	20 Microns	07/02/2024	158	164.95	157.1	161.25	11357	568.99	0.31
23450	20 Microns	08/02/2024	165.05	167	158.1	160.45	15494	566.17	0.31
23450	20 Microns	09/02/2024	158.05	167.25	155.6	156.6	20102	552.59	0.31
23450	20 Microns	12/02/2024	156.05	157.25	149.05	150	35209	529.3	0.31
23450	20 Microns	13/02/2024	150	152	144.5	150.2	38993	530	0.31
23450	20 Microns	14/02/2024	146	156.05	145	155.1	9296	547.29	0.31
23450	20 Microns	15/02/2024	155.55	157.2	152.25	153.65	5207	542.18	0.31
23450	20 Microns	16/02/2024	155	158.25	152.8	154.3	7449	544.47	0.31
23450	20 Microns	19/02/2024	155	156.3	153.4	154.65	5114	545.71	0.31
23450	20 Microns	20/02/2024	155	159	154.4	158.05	9922	557.7	0.31
23450	20 Microns	21/02/2024	156.4	159	151.95	153.1	12555	540.24	0.31
23450	20 Microns	22/02/2024	154.95	154.95	145.2	149.8	20683	528.59	0.31
23450	20 Microns	23/02/2024	150.05	157	150.05	154.7	28434	545.88	0.31
23450	20 Microns	26/02/2024	152.15	155.65	148.65	149.3	5853	526.83	0.31
23450	20 Microns	27/02/2024	150.2	150.65	147.7	149.1	13938	526.12	0.31
23450	20 Microns	28/02/2024	151.3	151.3	143.85	144.6	7547	510.24	0.31
23450	20 Microns	29/02/2024	143	150.95	143	149.25	6071	526.65	0.31
23450	20 Microns	01/03/2024	150.15	150.25	145.25	148.85	5290	525.24	0.31
23450	20 Microns	02/03/2024	148.95	149.9	148.2	149.2	27	526.47	0.31
23450	20 Microns	04/03/2024	149.7	149.7	143.4	143.95	3736	507.95	0.31
23450	20 Microns	05/03/2024	146.25	146.75	143.8	145.25	2905	512.54	0.31
23450	20 Microns	06/03/2024	163.15	174.05	150.55	157.4	242093	555.41	0.31
23450	20 Microns	07/03/2024	157.2	157.2	147.4	149.1	26645	526.12	0.31
23450	20 Microns	11/03/2024	149.1	150.2	143.55	145.05	18477	511.83	0.31
23450	20 Microns	12/03/2024	145	146	141.5	144.75	14602	510.77	0.31
23450	20 Microns	13/03/2024	143.75	145.35	131.25	136.95	63439	483.25	0.31
23450	20 Microns	14/03/2024	136.95	151	136.05	149.1	25414	526.12	0.31
23450	20 Microns	15/03/2024	149.85	154.2	145.1	150.55	25723	531.24	0.31
23450	20 Microns	18/03/2024	153.6	158.5	150.15	150.6	5296	531.41	0.31
23450	20 Microns	19/03/2024	154.9	154.9	144	145.25	10028	512.54	0.31
23450	20 Microns	20/03/2024	146	148.85	145	145.35	10480	512.89	0.31
23450	20 Microns	21/03/2024	145.55	150	144.4	144.75	4933	510.77	0.31
23450	20 Microns	22/03/2024	147.65	150	144.5	145.35	10895	512.89	0.31
23450	20 Microns	26/03/2024	144.85	149.9	142.3	142.75	29966	503.71	0.31
23450	20 Microns	27/03/2024	145.65	146.3	143	143.45	3450	506.18	0.31
23450	20 Microns	28/03/2024	149.9	149.9	141.3	143.7	10679	507.07	0.31
23450	20 Microns	01/04/2024	144.4	149	135.9	143.7	17649	507.07	0.31
23450	20 Microns	02/04/2024	151.95	161.05	150.7	152.5	29189	538.12	0.31
23450	20 Microns	03/04/2024	153	155.8	153	154.6	7010	545.53	0.31
23450	20 Microns	04/04/2024	156.9	157.8	153.05	154.35	4505	544.65	0.31
23450	20 Microns	05/04/2024	152.1	154.55	152.1	153.6	5575	542	0.31
23450	20 Microns	08/04/2024	153.6	154.5	152.45	153.5	13244	541.65	0.31
23450	20 Microns	09/04/2024	154.2	157.7	152.95	153.55	10943	541.82	0.31
23450	20 Microns	10/04/2024	151.4	160.75	151.4	155.65	29312	549.23	0.31
23450	20 Microns	12/04/2024	155.55	155.9	152.5	153.15	9527	540.41	0.31
23450	20 Microns	15/04/2024	145	159.7	143.35	152.75	15193	539	0.31
23450	20 Microns	16/04/2024	148.9	153.05	148	151.1	10360	533.18	0.31
23450	20 Microns	18/04/2024	158	161.55	150.3	151.65	25253	535.12	0.31
23450	20 Microns	19/04/2024	150	151.8	148	150.6	7404	531.41	0.31
23450	20 Microns	22/04/2024	153.65	155.8	152.45	155.15	11870	547.47	0.31
23450	20 Microns	23/04/2024	157.45	158.5	150	152.15	27076	536.88	0.31
23450	20 Microns	24/04/2024	150.5	167.5	150.5	160.6	71585	566.7	0.31
23450	20 Microns	25/04/2024	162	163	156.4	157	25231	554	0.31
23450	20 Microns	26/04/2024	164.1	164.4	159	162.7	40158	574.11	0.31
23450	20 Microns	29/04/2024	164.35	176.55	162.1	172.3	63392	607.99	0.31
23450	20 Microns	30/04/2024	174.25	176.35	169.6	172.1	27035	607.28	0.31
23450	20 Microns	02/05/2024	173.95	174.7	169	169.5	21552	598.11	0.31
23450	20 Microns	03/05/2024	172.05	173	169	169.85	15587	599.34	0.31
23450	20 Microns	06/05/2024	172	175.5	164.1	174.55	14801	615.93	0.31
23450	20 Microns	07/05/2024	175.1	175.1	167.05	170.4	20431	601.28	0.31
23450	20 Microns	08/05/2024	164.35	171.15	164.35	168.4	5011	594.22	0.31
23450	20 Microns	09/05/2024	165.95	170.9	160.1	161.2	23305	568.82	0.31
23450	20 Microns	10/05/2024	161.2	166.3	160	162.85	8386	574.64	0.31
23450	20 Microns	13/05/2024	162.25	163.5	158	162.75	17942	574.29	0.31
23450	20 Microns	14/05/2024	160.35	178	160.35	175.35	29720	618.75	0.31
23450	20 Microns	15/05/2024	177	187.5	177	185	100175	652.8	0.31
23450	20 Microns	16/05/2024	186	192	182.55	187.8	89275	662.68	0.31
23450	20 Microns	17/05/2024	190.85	194.7	183.5	187.1	66376	660.21	0.31
23450	20 Microns	18/05/2024	196.45	196.45	185.5	188.4	14993	664.8	0.31
23450	20 Microns	21/05/2024	189.3	191.6	181.1	182.65	57994	644.51	0.31
23450	20 Microns	22/05/2024	180.15	184	177.5	179.2	28291	632.33	0.31
23450	20 Microns	23/05/2024	186.9	186.9	176.15	176.75	6743	623.69	0.31
23450	20 Microns	24/05/2024	178.5	181.8	172.45	173.4	24680	611.87	0.31
23450	20 Microns	27/05/2024	173.4	175.2	168.45	169.5	40272	598.11	0.31
23450	20 Microns	28/05/2024	166.9	171.3	164.15	165.25	13247	583.11	0.31
23450	20 Microns	29/05/2024	166.05	172.6	164.9	171.1	23133	603.75	0.31
23450	20 Microns	30/05/2024	173.65	184.65	170.95	176.75	63385	623.69	0.31
23450	20 Microns	31/05/2024	179.95	179.95	171.35	173.9	18091	613.63	0.31
23450	20 Microns	03/06/2024	175.25	182.85	175.25	176.5	10969	622.81	0.31
23450	20 Microns	04/06/2024	176	176	152.2	158.5	66324	559.29	0.31
23450	20 Microns	05/06/2024	174.9	174.9	158.25	170.45	20507	601.46	0.31
23450	20 Microns	06/06/2024	177.7	177.7	171.1	173.15	25618	610.99	0.31
23450	20 Microns	07/06/2024	174	176.55	171.95	175.4	20554	618.93	0.31
23450	20 Microns	10/06/2024	180.1	185.4	177.7	181.35	45116	639.92	0.31
23450	20 Microns	11/06/2024	181	186.35	179.15	181.45	29432	640.27	0.31
23450	20 Microns	12/06/2024	177.85	184.6	177.85	180.15	26007	635.69	0.31
23450	20 Microns	13/06/2024	181.75	181.75	178.35	181.2	10086	639.39	0.31
23450	20 Microns	14/06/2024	184.1	203.15	183.65	189.75	145216	669.56	0.31
23450	20 Microns	18/06/2024	190.1	192.35	187	190.45	57731	672.03	0.31
23450	20 Microns	19/06/2024	191.65	191.95	182	185.3	41597	653.86	0.31
23450	20 Microns	20/06/2024	189.8	190.7	185.4	187.35	25413	661.09	0.31
23450	20 Microns	21/06/2024	185	218	183.9	213.4	183263	753.01	0.31
23450	20 Microns	24/06/2024	214.05	225.25	211	220.25	153993	777.19	0.31
23450	20 Microns	25/06/2024	223	223	210	211.15	45059	745.07	0.31
23450	20 Microns	26/06/2024	213.05	224	207.25	222.6	159275	785.48	0.31
23450	20 Microns	27/06/2024	222.6	234.1	216.45	222.95	172052	786.71	0.31
23450	20 Microns	28/06/2024	224.75	228.3	218.05	220.8	25309	779.13	0.31
23450	20 Microns	01/07/2024	222.85	225.65	218.75	220.65	44226	778.6	0.31
23450	20 Microns	02/07/2024	220.65	222.1	213.05	216.05	49605	762.36	0.31
23450	20 Microns	03/07/2024	218.25	231.7	217.55	227.6	63692	803.12	0.31
23450	20 Microns	04/07/2024	227.6	231.7	221.2	227.8	35765	803.83	0.31
23450	20 Microns	05/07/2024	226	229.15	223	224.5	52953	792.18	0.31
23450	20 Microns	08/07/2024	228.5	229.55	221.65	224.85	18844	793.42	0.31
23450	20 Microns	09/07/2024	225	236.1	225	229.2	101465	808.77	0.31
23450	20 Microns	10/07/2024	231.55	233.9	212.55	220.05	138119	776.48	0.31
23450	20 Microns	11/07/2024	222.15	228	220.75	221.3	69765	780.89	0.31
23450	20 Microns	12/07/2024	223	223.5	217	218.45	16973	770.83	0.31
23450	20 Microns	15/07/2024	216.05	220	214.05	216.6	29356	764.31	0.31
23450	20 Microns	16/07/2024	214	220.7	212.3	215.55	17470	760.6	0.31
23450	20 Microns	18/07/2024	218.8	218.8	205.7	209.4	39625	738.9	0.31
23450	20 Microns	19/07/2024	209.4	233.55	201.9	217.15	112016	766.25	0.31
23450	20 Microns	22/07/2024	217	220	209.75	210.6	48824	743.13	0.31
23450	20 Microns	23/07/2024	210.75	231	210.75	218.75	144433	771.89	0.31
23450	20 Microns	24/07/2024	223.95	229.15	220.95	222.8	23324	786.18	0.31
23450	20 Microns	25/07/2024	219.45	224.6	216.35	218.65	38210	771.54	0.31
23450	20 Microns	26/07/2024	215.55	262.35	215.55	257.05	541330	907.04	0.31
23450	20 Microns	29/07/2024	261.8	294.7	256.55	276.55	590379	975.85	0.31
23450	20 Microns	30/07/2024	279.6	285.1	273.5	277.25	49263	978.32	0.31
23450	20 Microns	31/07/2024	277.25	281.9	265.85	272.1	50052	960.15	0.31
23450	20 Microns	01/08/2024	274.7	274.7	263.7	265.45	45937	936.68	0.31
23450	20 Microns	02/08/2024	256.1	293.25	256.1	288.1	178775	1016.6	0.31
23450	20 Microns	05/08/2024	276.05	302.9	273.1	276.85	182129	976.91	0.31
23450	20 Microns	06/08/2024	277.2	289.55	260.7	264.2	94707	932.27	0.31
23450	20 Microns	07/08/2024	272	299.1	266.1	295.05	49337	1041.13	0.31
23450	20 Microns	08/08/2024	298	316	294.35	301.55	118975	1064.06	0.31
23450	20 Microns	09/08/2024	307.6	331.75	301.3	326.15	253232	1150.87	0.31
23450	20 Microns	12/08/2024	322.9	324.95	312.7	314.9	61444	1111.17	0.31
23450	20 Microns	13/08/2024	319.75	324	292.85	295.6	105552	1043.07	0.31
23450	20 Microns	14/08/2024	301.55	301.55	286.2	292.85	26419	1033.37	0.31
23450	20 Microns	16/08/2024	292.85	302	291.2	296.1	17684	1044.83	0.31
23450	20 Microns	19/08/2024	299.9	340.35	297.3	330.45	73890	1166.04	0.31
23450	20 Microns	20/08/2024	330.5	338.55	321.15	323.6	73292	1141.87	0.31
23450	20 Microns	21/08/2024	327.9	333.75	313.7	326	17537	1150.34	0.31
23450	20 Microns	22/08/2024	326	346.7	326	335.15	23654	1182.63	0.31
23450	20 Microns	23/08/2024	344	344	324.25	338.05	14491	1192.86	0.31
23450	20 Microns	26/08/2024	334	338.5	321.05	322.85	13985	1139.22	0.31
23450	20 Microns	27/08/2024	324.5	334.9	319.85	330.3	34090	1165.51	0.31
23450	20 Microns	28/08/2024	327.45	332.55	321	324.45	29558	1144.87	0.31
23450	20 Microns	29/08/2024	320	331	312.25	316.6	37040	1117.17	0.31
23450	20 Microns	30/08/2024	318	325.5	310.9	316.25	31544	1115.94	0.31
23450	20 Microns	02/09/2024	320	323	316.6	317.9	8719	1121.76	0.31
23450	20 Microns	03/09/2024	324.45	324.45	312.5	315.05	7066	1111.7	0.31
23450	20 Microns	04/09/2024	310.75	340.3	310.75	327.2	36400	1154.57	0.31
23450	20 Microns	05/09/2024	331.75	333.3	319.65	321.65	63089	1134.99	0.31
23450	20 Microns	06/09/2024	322.25	324.1	315.85	317.9	20588	1121.76	0.31
23450	20 Microns	09/09/2024	316.55	320.75	307	315.55	28583	1113.47	0.31
23450	20 Microns	10/09/2024	315	320.05	311.4	312.3	33725	1102	0.31
23450	20 Microns	11/09/2024	310.05	314.6	306	306.8	17126	1082.59	0.31
23450	20 Microns	12/09/2024	307.25	312.45	303.1	303.85	14806	1072.18	0.31
23450	20 Microns	13/09/2024	308	314.65	305.7	309.65	8469	1092.65	0.31
23450	20 Microns	16/09/2024	314	314	300.7	302.75	26207	1068.3	0.31
23450	20 Microns	17/09/2024	302.7	302.95	294.4	295.4	38792	1042.36	0.31
23450	20 Microns	18/09/2024	295.4	306.9	290	291.45	45989	1028.43	0.31
23450	20 Microns	19/09/2024	292.05	306.6	285.8	303.7	16204	1071.65	0.31
23450	20 Microns	20/09/2024	309.95	313.6	300	302.15	15176	1066.18	0.31
23450	20 Microns	23/09/2024	305.05	305.05	298	299.2	16282	1055.77	0.31
23450	20 Microns	24/09/2024	303.95	309.85	299.6	300.4	29191	1060.01	0.31
23450	20 Microns	25/09/2024	297	316.35	297	310.7	29686	1096.35	0.31
23450	20 Microns	26/09/2024	314.85	314.85	301.3	302.5	23155	1067.42	0.31
23450	20 Microns	27/09/2024	300	304.75	295.15	296.35	5351	1045.72	0.31
23450	20 Microns	30/09/2024	290.65	303.4	290.65	301.05	14998	1062.3	0.31
23450	20 Microns	01/10/2024	299.75	303.5	292.55	293.7	21080	1036.36	0.31
23450	20 Microns	03/10/2024	285	298.5	282.7	284.6	32935	1004.25	0.31
23450	20 Microns	04/10/2024	284.95	287.7	269.45	276.35	26332	975.14	0.31
23450	20 Microns	07/10/2024	280	281.7	257.7	265	11216	935.09	0.31
23450	20 Microns	08/10/2024	269.95	278.35	258.25	272.25	23872	960.68	0.31
23450	20 Microns	09/10/2024	276.5	281	269	274.9	12806	970.03	0.31
23450	20 Microns	10/10/2024	274.9	277	261.2	267.4	16818	943.56	0.31
23450	20 Microns	11/10/2024	269.95	273	262.5	265.95	2249	938.44	0.31
23450	20 Microns	14/10/2024	265.95	273	261.5	263.7	8309	930.51	0.31
23450	20 Microns	15/10/2024	269.5	272.8	252.65	268.9	3200	948.85	0.31
23450	20 Microns	16/10/2024	282.3	282.3	282.3	282.3	21923	996.14	0.31
23450	20 Microns	17/10/2024	296.4	296.4	296.4	296.4	23851	1045.89	0.31
23450	20 Microns	18/10/2024	303	311.2	289.75	310.95	105978	1097.23	0.31
23450	20 Microns	21/10/2024	309	325	295.45	315.25	73226	1112.41	0.31
23450	20 Microns	22/10/2024	308.95	308.95	308.95	308.95	3927	1090.18	0.31
23450	20 Microns	23/10/2024	302.8	302.8	302.8	302.8	5032	1068.48	0.31
23450	20 Microns	24/10/2024	296.75	296.75	296.75	296.75	672	1047.13	0.31
23450	20 Microns	25/10/2024	290.85	290.85	290.85	290.85	1936	1026.31	0.31
23450	20 Microns	28/10/2024	285.05	285.05	285.05	285.05	9710	1005.84	0.31
23450	20 Microns	29/10/2024	279.35	279.35	279.35	279.35	5040	985.73	0.31
23450	20 Microns	30/10/2024	273.8	273.8	273.8	273.8	3219	966.14	0.31
23450	20 Microns	31/10/2024	268.35	268.5	268.35	268.35	19115	946.91	0.31
23450	20 Microns	04/11/2024	263	263	263	263	2836	928.04	0.31
23450	20 Microns	05/11/2024	257.75	257.75	257.75	257.75	5649	909.51	0.31
23450	20 Microns	06/11/2024	252.6	252.6	252.6	252.6	8789	891.34	0.31
23450	20 Microns	07/11/2024	247.55	247.55	247.55	247.55	3874	873.52	0.31
23450	20 Microns	08/11/2024	252.5	252.5	252.5	252.5	33775	890.98	0.31
23450	20 Microns	11/11/2024	257.5	257.5	247.45	247.45	22263	873.16	0.31
23450	20 Microns	12/11/2024	242.55	242.55	242.55	242.55	2113	855.87	0.31
23450	20 Microns	13/11/2024	237.7	237.7	237.7	237.7	2938	838.76	0.31
23450	20 Microns	14/11/2024	232.95	232.95	232.95	232.95	2465	822	0.31
23450	20 Microns	18/11/2024	228.3	228.3	228.3	228.3	3228	805.59	0.31
23450	20 Microns	19/11/2024	223.75	227	223.75	227	20311	801	0.31
23450	20 Microns	21/11/2024	222.5	222.5	222.5	222.5	3220	785.12	0.31
23450	20 Microns	22/11/2024	222.5	223.5	222	223.5	13605	788.65	0.31
23450	20 Microns	25/11/2024	227.95	227.95	227.95	227.95	6559	804.36	0.31
23450	20 Microns	26/11/2024	232.5	232.5	227.95	227.95	14620	804.36	0.31
23450	20 Microns	27/11/2024	231.8	231.8	223.4	223.4	11252	788.3	0.31
23450	20 Microns	28/11/2024	218.95	227.85	218.95	227.85	26872	804	0.31
23450	20 Microns	29/11/2024	232.4	232.4	232.4	232.4	3911	820.06	0.31
23450	20 Microns	02/12/2024	244	244	244	244	3213	860.99	0.31
23450	20 Microns	03/12/2024	256.2	256.2	256.2	256.2	382	904.04	0.31
23450	20 Microns	04/12/2024	269	269	248	267.85	47284	945.15	0.31
23450	20 Microns	05/12/2024	264.9	266.5	254.5	255.2	16266	900.51	0.31
23450	20 Microns	06/12/2024	255.85	266.75	242.45	263.35	26868	929.27	0.31
23450	20 Microns	09/12/2024	265	265	250.2	252.85	19572	892.22	0.31
23450	20 Microns	10/12/2024	250.8	253.45	245.5	249.55	12888	880.57	0.31
23450	20 Microns	11/12/2024	249.4	252	240.3	243.25	12788	858.34	0.31
23450	20 Microns	12/12/2024	240.1	255.4	240.1	255.35	20742	901.04	0.31
23450	20 Microns	13/12/2024	256	258.5	247.1	255.8	6671	902.63	0.31
23450	20 Microns	16/12/2024	255.8	255.8	245.5	247.75	17200	874.22	0.31
23450	20 Microns	17/12/2024	249.7	254.45	242	245.95	19430	867.87	0.31
23450	20 Microns	18/12/2024	245.05	247.85	240.55	244.55	9793	862.93	0.31
23450	20 Microns	19/12/2024	239.7	246.4	237	240.2	13429	847.58	0.31
23450	20 Microns	20/12/2024	237.35	244.8	235	235.55	12733	831.17	0.31
23450	20 Microns	23/12/2024	242	242	226.35	232	10437	818.65	0.31
23450	20 Microns	24/12/2024	233	233.9	223.8	229.15	6667	808.59	0.31
23450	20 Microns	26/12/2024	229.75	238.35	225.15	227.65	9436	803.3	0.31
23450	20 Microns	27/12/2024	227	232	225.6	229.3	5609	809.12	0.31
23450	20 Microns	30/12/2024	235.25	240.4	226.5	236.1	8095	833.11	0.31
23450	20 Microns	31/12/2024	239	239	231.25	234.7	5109	828.17	0.31
23450	20 Microns	01/01/2025	238.9	242.2	230.7	239.7	4959	845.82	0.31
23450	20 Microns	02/01/2025	239.4	251.65	237	251.65	39477	887.98	0.31
23450	20 Microns	03/01/2025	256	263.75	250.25	261.7	31543	923.45	0.31
23450	20 Microns	06/01/2025	262.95	264	248.65	248.65	27638	877.4	0.31
23450	20 Microns	07/01/2025	238.5	257.4	238.5	250.9	21938	885.34	0.31
23450	20 Microns	08/01/2025	254.5	254.5	240.55	245.45	8727	866.11	0.31
23450	20 Microns	09/01/2025	244.6	244.7	238.35	242.9	3580	857.11	0.31
23450	20 Microns	10/01/2025	236.05	240.65	232	236.5	14846	834.53	0.31
23450	20 Microns	13/01/2025	236.5	244.6	222	224.4	42332	791.83	0.31
23450	20 Microns	14/01/2025	235	236.25	224.7	231.8	19546	817.94	0.31
23450	20 Microns	15/01/2025	236.8	237.75	227.6	229.8	8179	810.88	0.31
23450	20 Microns	16/01/2025	235.55	235.95	226.4	227.15	9993	801.53	0.31
23450	20 Microns	17/01/2025	224.6	229.3	224.35	225.8	5780	796.77	0.31
23450	20 Microns	20/01/2025	231.45	234.95	223.55	231.85	8528	818.12	0.31
23450	20 Microns	21/01/2025	231	254	230	240.1	46371	847.23	0.31
23450	20 Microns	22/01/2025	244.1	244.1	225	229.35	27070	809.3	0.31
23450	20 Microns	23/01/2025	223	225	198.95	208.55	142723	735.9	0.31
23450	20 Microns	24/01/2025	213	213	199.6	201.35	21355	710.49	0.31
23450	20 Microns	27/01/2025	200.05	200.05	185.6	189.2	22159	667.62	0.31
23450	20 Microns	28/01/2025	188	191.25	178.05	186.6	34429	658.45	0.31
23450	20 Microns	29/01/2025	181.65	195.1	181.65	193.65	23808	683.32	0.31
23450	20 Microns	30/01/2025	198.95	201	191.45	193.65	11640	683.32	0.31
23450	20 Microns	31/01/2025	197.2	205	190	203.65	31391	718.61	0.31
23450	20 Microns	01/02/2025	205.8	207.7	202	203.3	7821	717.37	0.31
23450	20 Microns	03/02/2025	202.5	202.5	195.7	197.4	15254	696.56	0.31
23450	20 Microns	04/02/2025	198.5	204.4	195.05	196.9	11368	694.79	0.31
23450	20 Microns	05/02/2025	200.7	201.95	194.6	195.55	13454	690.03	0.31
23450	20 Microns	06/02/2025	200.6	200.6	189.65	190.45	15570	672.03	0.31
23450	20 Microns	07/02/2025	193.8	193.8	183	184.05	18651	649.45	0.31
23450	20 Microns	10/02/2025	187.35	187.35	175.2	177.1	26707	624.92	0.31
23450	20 Microns	11/02/2025	175.6	178.25	167.35	169.25	28442	597.22	0.31
23450	20 Microns	12/02/2025	171.65	173.6	158	171.95	55558	606.75	0.31
23450	20 Microns	13/02/2025	171.95	178	170.05	173.05	14370	610.63	0.31
23450	20 Microns	14/02/2025	174.6	174.6	165.05	170.3	21748	600.93	0.31
23450	20 Microns	17/02/2025	170.3	172.75	164.75	170.6	9231	601.99	0.31
23450	20 Microns	18/02/2025	165.1	170.7	164.2	167.75	12011	591.93	0.31
23450	20 Microns	19/02/2025	161.55	182.05	161.5	180.25	34262	636.04	0.31
23450	20 Microns	20/02/2025	183.95	185.75	178	183.35	10690	646.98	0.31
23450	20 Microns	21/02/2025	186.95	189.25	182	183.1	5479	646.1	0.31
23450	20 Microns	24/02/2025	187.7	187.7	177	179.9	2781	634.8	0.31
23450	20 Microns	25/02/2025	179.65	182.75	177.85	178.6	5172	630.22	0.31
23450	20 Microns	27/02/2025	181	181	170.25	172.5	4298	608.69	0.31
23450	20 Microns	28/02/2025	172.5	175.65	165.55	172.65	23444	609.22	0.31
23450	20 Microns	03/03/2025	172.7	175.2	165.3	172	16548	606.93	0.31
23450	20 Microns	04/03/2025	172	178.25	167.9	177.55	14751	626.51	0.31
23450	20 Microns	05/03/2025	177.55	185.6	177.55	185	5771	652.8	0.31
23450	20 Microns	06/03/2025	188.1	213.95	185.25	207.35	32467	731.67	0.31
23450	20 Microns	07/03/2025	205.95	209.4	202.7	204.1	9728	720.2	0.31
23450	20 Microns	10/03/2025	204.05	217.7	201.15	205.4	8872	724.78	0.31
23450	20 Microns	11/03/2025	204.25	204.25	194.2	195.6	20891	690.2	0.31
23450	20 Microns	12/03/2025	200	201.4	195	195.8	5889	690.91	0.31
23450	20 Microns	13/03/2025	195	199.95	191.1	194.05	11759	684.73	0.31
23450	20 Microns	17/03/2025	194.5	194.8	185.7	187.05	16817	660.03	0.31
23450	20 Microns	18/03/2025	192.65	201.15	192.05	196.6	4422	693.73	0.31
23450	20 Microns	19/03/2025	202	214.8	198.15	200.95	27063	709.08	0.31
23450	20 Microns	20/03/2025	204.45	206.5	200.25	201.25	3716	710.14	0.31
23450	20 Microns	21/03/2025	202.2	205.5	201.6	203.9	12042	719.49	0.31
23450	20 Microns	24/03/2025	202	211.65	201	203.9	7468	719.49	0.31
23450	20 Microns	25/03/2025	206.25	206.7	200.4	202.1	5561	713.14	0.31
23450	20 Microns	26/03/2025	202.5	203.5	194	194.65	6652	686.85	0.31
23450	20 Microns	27/03/2025	190	196.25	190	192.4	5895	678.91	0.31
23450	20 Microns	28/03/2025	196.25	201.95	190	191.5	10017	675.74	0.31
23450	20 Microns	01/04/2025	174.55	211	174.55	207.6	35672	732.55	0.31
23450	20 Microns	02/04/2025	207.75	209.35	201.35	207.05	18888	730.61	0.31
23450	20 Microns	03/04/2025	214.95	214.95	204.65	207.5	9310	732.19	0.31
23450	20 Microns	04/04/2025	204	204	192	198.9	24003	701.85	0.31
23450	20 Microns	07/04/2025	160.05	193.95	160.05	190.4	49869	671.86	0.31
23450	20 Microns	08/04/2025	193.05	199.1	187.05	190.85	13976	673.44	0.31
23450	20 Microns	09/04/2025	187	192	186	190.75	2078	673.09	0.31
23450	20 Microns	11/04/2025	194.6	197	191.7	195.1	6689	688.44	0.31
23450	20 Microns	15/04/2025	200.95	207	198.75	205.5	4087	725.14	0.31
23450	20 Microns	16/04/2025	206.75	208	204.8	206	10655	726.9	0.31
23450	20 Microns	17/04/2025	210	224.75	205.7	218.75	17821	771.89	0.31
23450	20 Microns	21/04/2025	221.35	222.35	216.2	217.85	15197	768.72	0.31
23450	20 Microns	22/04/2025	217.85	232.3	217.05	229.2	18498	808.77	0.31
23450	20 Microns	23/04/2025	233.8	235.15	225	228.35	28359	805.77	0.31
23450	20 Microns	24/04/2025	220.5	235.25	220.5	230.7	27572	814.06	0.31
23450	20 Microns	25/04/2025	229.5	229.55	217.5	219.2	17220	773.48	0.31
23450	20 Microns	28/04/2025	219.25	224.65	214.35	220.65	22984	778.6	0.31
23450	20 Microns	29/04/2025	223.45	229.8	216.6	222.15	26962	783.89	0.31
23450	20 Microns	30/04/2025	223.5	223.5	209.2	210.75	10737	743.66	0.31
23450	20 Microns	02/05/2025	210	215.85	207.25	208.45	18909	735.55	0.31
23450	20 Microns	05/05/2025	214.6	221.8	208.3	217.05	7582	765.89	0.31
23450	20 Microns	06/05/2025	225	225	211	212	14338	748.07	0.31
23450	20 Microns	07/05/2025	221.2	221.2	209.2	215.7	13737	761.13	0.31
23450	20 Microns	08/05/2025	220.95	220.95	206.45	208.65	13124	736.25	0.31
23450	20 Microns	09/05/2025	201.75	220.75	201.75	214.9	14519	758.31	0.31
23450	20 Microns	12/05/2025	229.85	233.65	221.6	225.8	17480	796.77	0.31
23450	20 Microns	13/05/2025	225	228.6	220	221.05	5710	780.01	0.31
23450	20 Microns	14/05/2025	225	225.5	219.2	220.85	4342	779.3	0.31
23450	20 Microns	15/05/2025	220.85	224.9	220.85	224	9975	790.42	0.31
23450	20 Microns	16/05/2025	225	225	220.05	221.8	9460	782.65	0.31
23450	20 Microns	19/05/2025	227.6	244.05	225.95	239.35	31327	844.58	0.31
23450	20 Microns	20/05/2025	245	248	235.2	235.75	20513	831.88	0.31
23450	20 Microns	21/05/2025	235.25	237.95	231.7	235.2	7414	829.94	0.31
23450	20 Microns	22/05/2025	238.35	245	238.35	242.2	19464	854.64	0.31
23450	20 Microns	23/05/2025	246.7	247.15	240.95	243.05	10597	857.64	0.31
23450	20 Microns	26/05/2025	241.95	243.85	235.6	236.9	7931	835.94	0.31
23450	20 Microns	27/05/2025	239.95	239.95	228.55	233.5	28399	823.94	0.31
23450	20 Microns	28/05/2025	234.15	237.6	229.65	231.1	6446	815.47	0.31
23450	20 Microns	29/05/2025	231.1	231.1	226	229.7	16706	810.53	0.31
23450	20 Microns	30/05/2025	229.7	229.7	224.65	225.8	18840	796.77	0.31
23450	20 Microns	02/06/2025	225.45	225.45	219	223.05	12726	787.07	0.31
23450	20 Microns	03/06/2025	222.3	229.65	218.05	219.45	21631	774.36	0.31
23450	20 Microns	04/06/2025	222	222	216	217.25	7578	766.6	0.31
23450	20 Microns	05/06/2025	219.9	233.2	219.9	229.25	8864	808.94	0.31
23450	20 Microns	06/06/2025	231.55	232.4	224.95	228.4	15385	805.94	0.31
23450	20 Microns	09/06/2025	228.55	235	226.85	228.1	19426	804.89	0.31
23450	20 Microns	10/06/2025	230.25	230.25	223.3	224.55	2757	792.36	0.31
23450	20 Microns	11/06/2025	228	239.8	224.35	234.1	44558	826.06	0.31
23450	20 Microns	12/06/2025	234.15	234.2	226.85	228	3546	804.53	0.31
23450	20 Microns	13/06/2025	224	227.35	221.25	225.2	5227	794.65	0.31
23450	20 Microns	16/06/2025	225.25	247.5	219.15	237.5	24235	838.05	0.31
23450	20 Microns	17/06/2025	242.15	244.05	232.05	236.55	25331	834.7	0.31
23450	20 Microns	18/06/2025	233.85	237	231.1	232.6	7498	820.76	0.31
23450	20 Microns	19/06/2025	234.05	234.25	223.95	224.7	6944	792.89	0.31
